"global_step","251221_DQN - train/final_recall","251221_DQN - train/final_recall__MIN","251221_DQN - train/final_recall__MAX","251221_DQN - _step","251221_DQN - _step__MIN","251221_DQN - _step__MAX"
"2000","0.3804406225681305","0.3804406225681305","0.3804406225681305","0","0","0"
"4000","0.44609010219573975","0.44609010219573975","0.44609010219573975","1","1","1"
"6000","0.08020050078630447","0.08020050078630447","0.08020050078630447","2","2","2"
"8000","0.33672013878822327","0.33672013878822327","0.33672013878822327","3","3","3"
"10000","0.5684419870376587","0.5684419870376587","0.5684419870376587","4","4","4"
"12000","0.2875136435031891","0.2875136435031891","0.2875136435031891","5","5","5"
"14000","0.3500387370586395","0.3500387370586395","0.3500387370586395","6","6","6"
"16000","0.07901591807603836","0.07901591807603836","0.07901591807603836","7","7","7"
"18000","0.3183731436729431","0.3183731436729431","0.3183731436729431","8","8","8"
"20000","0.2049109935760498","0.2049109935760498","0.2049109935760498","9","9","9"
"22000","0.42426007986068726","0.42426007986068726","0.42426007986068726","10","10","10"
"24000","0.21805864572525024","0.21805864572525024","0.21805864572525024","11","11","11"
"26000","0.32192423939704895","0.32192423939704895","0.32192423939704895","12","12","12"
"28000","0.20665408670902252","0.20665408670902252","0.20665408670902252","13","13","13"
"30000","0.520247757434845","0.520247757434845","0.520247757434845","14","14","14"
"32000","0.3686522841453552","0.3686522841453552","0.3686522841453552","15","15","15"
"34000","0.10964479297399521","0.10964479297399521","0.10964479297399521","16","16","16"
"36000","0.6235519647598267","0.6235519647598267","0.6235519647598267","17","17","17"
"38000","0.3096103072166443","0.3096103072166443","0.3096103072166443","18","18","18"
"40000","0.3705654740333557","0.3705654740333557","0.3705654740333557","19","19","19"
"42000","0.2939017415046692","0.2939017415046692","0.2939017415046692","20","20","20"
"44000","0.15954503417015076","0.15954503417015076","0.15954503417015076","21","21","21"
"46000","0.3994583487510681","0.3994583487510681","0.3994583487510681","22","22","22"
"48000","0.17104484140872955","0.17104484140872955","0.17104484140872955","23","23","23"
"50000","0.46491044759750366","0.46491044759750366","0.46491044759750366","24","24","24"
"52000","0.21668437123298645","0.21668437123298645","0.21668437123298645","25","25","25"
"54000","0.3170813322067261","0.3170813322067261","0.3170813322067261","26","26","26"
"56000","0.42761799693107605","0.42761799693107605","0.42761799693107605","27","27","27"
"58000","0.39155101776123047","0.39155101776123047","0.39155101776123047","28","28","28"
"60000","0.4126339852809906","0.4126339852809906","0.4126339852809906","29","29","29"
"62000","0.4735419452190399","0.4735419452190399","0.4735419452190399","30","30","30"
"64000","0.40825355052948","0.40825355052948","0.40825355052948","31","31","31"
"66000","0.4722071886062622","0.4722071886062622","0.4722071886062622","32","32","32"
"68000","0.3860169053077698","0.3860169053077698","0.3860169053077698","33","33","33"
"70000","0.3854801058769226","0.3854801058769226","0.3854801058769226","34","34","34"
"72000","0.12084713578224182","0.12084713578224182","0.12084713578224182","35","35","35"
"74000","0.4674304127693176","0.4674304127693176","0.4674304127693176","36","36","36"
"76000","0.5016869902610779","0.5016869902610779","0.5016869902610779","37","37","37"
"78000","0.40027081966400146","0.40027081966400146","0.40027081966400146","38","38","38"
"80000","0.4195678234100342","0.4195678234100342","0.4195678234100342","39","39","39"
"82000","0.42101186513900757","0.42101186513900757","0.42101186513900757","40","40","40"
"84000","0.4209064841270447","0.4209064841270447","0.4209064841270447","41","41","41"
"86000","0.18815359473228455","0.18815359473228455","0.18815359473228455","42","42","42"
"88000","0.4111584722995758","0.4111584722995758","0.4111584722995758","43","43","43"
"90000","0.39394527673721313","0.39394527673721313","0.39394527673721313","44","44","44"
"92000","0.5069901943206787","0.5069901943206787","0.5069901943206787","45","45","45"
"94000","0.2203228920698166","0.2203228920698166","0.2203228920698166","46","46","46"
"96000","0.5246407389640808","0.5246407389640808","0.5246407389640808","47","47","47"
"98000","0.5023887753486633","0.5023887753486633","0.5023887753486633","48","48","48"
"100000","0.07357607036828995","0.07357607036828995","0.07357607036828995","49","49","49"
"102000","0.42953696846961975","0.42953696846961975","0.42953696846961975","50","50","50"
"104000","0.05398036912083626","0.05398036912083626","0.05398036912083626","51","51","51"
"106000","0.17389671504497528","0.17389671504497528","0.17389671504497528","52","52","52"
"108000","0.35662999749183655","0.35662999749183655","0.35662999749183655","53","53","53"
"110000","0.4646674692630768","0.4646674692630768","0.4646674692630768","54","54","54"
"112000","0.18119630217552185","0.18119630217552185","0.18119630217552185","55","55","55"
"114000","0.6072134375572205","0.6072134375572205","0.6072134375572205","56","56","56"
"116000","0.5440117716789246","0.5440117716789246","0.5440117716789246","57","57","57"
"118000","0","0","0","58","58","58"
"120000","0.35817110538482666","0.35817110538482666","0.35817110538482666","59","59","59"
"122000","0.3129432499408722","0.3129432499408722","0.3129432499408722","60","60","60"
"124000","0.2291557937860489","0.2291557937860489","0.2291557937860489","61","61","61"
"126000","0.4348262548446655","0.4348262548446655","0.4348262548446655","62","62","62"
"128000","0.6202004551887512","0.6202004551887512","0.6202004551887512","63","63","63"
"130000","0.1700429767370224","0.1700429767370224","0.1700429767370224","64","64","64"
"132000","0.26834893226623535","0.26834893226623535","0.26834893226623535","65","65","65"
"134000","0.019105417653918266","0.019105417653918266","0.019105417653918266","66","66","66"
"136000","0.5009990930557251","0.5009990930557251","0.5009990930557251","67","67","67"
"138000","0.4644722044467926","0.4644722044467926","0.4644722044467926","68","68","68"
"140000","0.3838765621185303","0.3838765621185303","0.3838765621185303","69","69","69"
"142000","0.5437430143356323","0.5437430143356323","0.5437430143356323","70","70","70"
"144000","0.3832091987133026","0.3832091987133026","0.3832091987133026","71","71","71"
"146000","0.4528144299983978","0.4528144299983978","0.4528144299983978","72","72","72"
"148000","0.417860746383667","0.417860746383667","0.417860746383667","73","73","73"
"150000","0.2720511555671692","0.2720511555671692","0.2720511555671692","74","74","74"
"152000","0.43689849972724915","0.43689849972724915","0.43689849972724915","75","75","75"
"154000","0.2815402150154114","0.2815402150154114","0.2815402150154114","76","76","76"
"156000","0.5635234117507935","0.5635234117507935","0.5635234117507935","77","77","77"
"158000","0.31975817680358887","0.31975817680358887","0.31975817680358887","78","78","78"
"160000","0.5396296977996826","0.5396296977996826","0.5396296977996826","79","79","79"
"162000","0.580866277217865","0.580866277217865","0.580866277217865","80","80","80"
"164000","0.3867880702018738","0.3867880702018738","0.3867880702018738","81","81","81"
"166000","0.2874601483345032","0.2874601483345032","0.2874601483345032","82","82","82"
"168000","0.5844979286193848","0.5844979286193848","0.5844979286193848","83","83","83"
"170000","0.28193411231040955","0.28193411231040955","0.28193411231040955","84","84","84"
"172000","0.24403594434261322","0.24403594434261322","0.24403594434261322","85","85","85"
"174000","0.4685104191303253","0.4685104191303253","0.4685104191303253","86","86","86"
"176000","0.05754102021455765","0.05754102021455765","0.05754102021455765","87","87","87"
"178000","0.1873542070388794","0.1873542070388794","0.1873542070388794","88","88","88"
"180000","0.4079270362854004","0.4079270362854004","0.4079270362854004","89","89","89"
"182000","0.6079508066177368","0.6079508066177368","0.6079508066177368","90","90","90"
"184000","0.5224448442459106","0.5224448442459106","0.5224448442459106","91","91","91"
"186000","0.07660020887851715","0.07660020887851715","0.07660020887851715","92","92","92"
"188000","0.33408644795417786","0.33408644795417786","0.33408644795417786","93","93","93"
"190000","0.5479018688201904","0.5479018688201904","0.5479018688201904","94","94","94"
"192000","0.6183665990829468","0.6183665990829468","0.6183665990829468","95","95","95"
"194000","0.3959542214870453","0.3959542214870453","0.3959542214870453","96","96","96"
"196000","0.5990943908691406","0.5990943908691406","0.5990943908691406","97","97","97"
"198000","0.2850172519683838","0.2850172519683838","0.2850172519683838","98","98","98"
"200000","0.3890962600708008","0.3890962600708008","0.3890962600708008","99","99","99"
"202000","0.3200843036174774","0.3200843036174774","0.3200843036174774","100","100","100"
"204000","0.5708565711975098","0.5708565711975098","0.5708565711975098","101","101","101"
"206000","0.437333345413208","0.437333345413208","0.437333345413208","102","102","102"
"208000","0.28507664799690247","0.28507664799690247","0.28507664799690247","103","103","103"
"210000","0.3145740330219269","0.3145740330219269","0.3145740330219269","104","104","104"
"212000","0.4601892828941345","0.4601892828941345","0.4601892828941345","105","105","105"
"214000","0.25105032324790955","0.25105032324790955","0.25105032324790955","106","106","106"
"216000","0.25826096534729004","0.25826096534729004","0.25826096534729004","107","107","107"
"218000","0.6029576063156128","0.6029576063156128","0.6029576063156128","108","108","108"
"220000","0.501172661781311","0.501172661781311","0.501172661781311","109","109","109"
"222000","0.3540029227733612","0.3540029227733612","0.3540029227733612","110","110","110"
"224000","0.4424329698085785","0.4424329698085785","0.4424329698085785","111","111","111"
"226000","0.3232114613056183","0.3232114613056183","0.3232114613056183","112","112","112"
"228000","0.34297847747802734","0.34297847747802734","0.34297847747802734","113","113","113"
"230000","0.44376465678215027","0.44376465678215027","0.44376465678215027","114","114","114"
"232000","0.420369029045105","0.420369029045105","0.420369029045105","115","115","115"
"234000","0.4143381714820862","0.4143381714820862","0.4143381714820862","116","116","116"
"236000","0.49421367049217224","0.49421367049217224","0.49421367049217224","117","117","117"
"238000","0.25244221091270447","0.25244221091270447","0.25244221091270447","118","118","118"
"240000","0.14305058121681213","0.14305058121681213","0.14305058121681213","119","119","119"
"242000","0.23777134716510773","0.23777134716510773","0.23777134716510773","120","120","120"
"244000","0.2602488398551941","0.2602488398551941","0.2602488398551941","121","121","121"
"246000","0.4572080075740814","0.4572080075740814","0.4572080075740814","122","122","122"
"248000","0.4435427784919739","0.4435427784919739","0.4435427784919739","123","123","123"
"250000","0.10470516979694366","0.10470516979694366","0.10470516979694366","124","124","124"
"252000","0.2853395640850067","0.2853395640850067","0.2853395640850067","125","125","125"
"254000","0.3914494514465332","0.3914494514465332","0.3914494514465332","126","126","126"
"256000","0.3621634840965271","0.3621634840965271","0.3621634840965271","127","127","127"
"258000","0.49226415157318115","0.49226415157318115","0.49226415157318115","128","128","128"
"260000","0.541078507900238","0.541078507900238","0.541078507900238","129","129","129"
"262000","0.34530603885650635","0.34530603885650635","0.34530603885650635","130","130","130"
"264000","0.3740279972553253","0.3740279972553253","0.3740279972553253","131","131","131"
"266000","0.5210236310958862","0.5210236310958862","0.5210236310958862","132","132","132"
"268000","0.3924182653427124","0.3924182653427124","0.3924182653427124","133","133","133"
"270000","0.2677602469921112","0.2677602469921112","0.2677602469921112","134","134","134"
"272000","0.38620197772979736","0.38620197772979736","0.38620197772979736","135","135","135"
"274000","0.35357987880706787","0.35357987880706787","0.35357987880706787","136","136","136"
"276000","0.43006908893585205","0.43006908893585205","0.43006908893585205","137","137","137"
"278000","0.4157916009426117","0.4157916009426117","0.4157916009426117","138","138","138"
"280000","0.29270583391189575","0.29270583391189575","0.29270583391189575","139","139","139"
"282000","0.5700157880783081","0.5700157880783081","0.5700157880783081","140","140","140"
"284000","0.17440758645534515","0.17440758645534515","0.17440758645534515","141","141","141"
"286000","0.6008053421974182","0.6008053421974182","0.6008053421974182","142","142","142"
"288000","0.5033413171768188","0.5033413171768188","0.5033413171768188","143","143","143"
"290000","0.48206448554992676","0.48206448554992676","0.48206448554992676","144","144","144"
"292000","0.4307008981704712","0.4307008981704712","0.4307008981704712","145","145","145"
"294000","0.2164728194475174","0.2164728194475174","0.2164728194475174","146","146","146"
"296000","0.2975935935974121","0.2975935935974121","0.2975935935974121","147","147","147"
"298000","0.4661223888397217","0.4661223888397217","0.4661223888397217","148","148","148"
"300000","0.4712069630622864","0.4712069630622864","0.4712069630622864","149","149","149"
"302000","0.4076487720012665","0.4076487720012665","0.4076487720012665","150","150","150"
"304000","0.25687623023986816","0.25687623023986816","0.25687623023986816","151","151","151"
"306000","0.29396694898605347","0.29396694898605347","0.29396694898605347","152","152","152"
"308000","0.28279435634613037","0.28279435634613037","0.28279435634613037","153","153","153"
"310000","0.4394858479499817","0.4394858479499817","0.4394858479499817","154","154","154"
"312000","0.41473880410194397","0.41473880410194397","0.41473880410194397","155","155","155"
"314000","0.5194588303565979","0.5194588303565979","0.5194588303565979","156","156","156"
"316000","0.29602542519569397","0.29602542519569397","0.29602542519569397","157","157","157"
"318000","0.2753419876098633","0.2753419876098633","0.2753419876098633","158","158","158"
"320000","0.3373797833919525","0.3373797833919525","0.3373797833919525","159","159","159"
"322000","0.26301565766334534","0.26301565766334534","0.26301565766334534","160","160","160"
"324000","0.5832886099815369","0.5832886099815369","0.5832886099815369","161","161","161"
"326000","0.4662971496582031","0.4662971496582031","0.4662971496582031","162","162","162"
"328000","0.4421258270740509","0.4421258270740509","0.4421258270740509","163","163","163"
"330000","0.2644198536872864","0.2644198536872864","0.2644198536872864","164","164","164"
"332000","0.2743225693702698","0.2743225693702698","0.2743225693702698","165","165","165"
"334000","0.46473875641822815","0.46473875641822815","0.46473875641822815","166","166","166"
"336000","0.46541503071784973","0.46541503071784973","0.46541503071784973","167","167","167"
"338000","0.3960598111152649","0.3960598111152649","0.3960598111152649","168","168","168"
"340000","0.4655543863773346","0.4655543863773346","0.4655543863773346","169","169","169"
"342000","0.41022083163261414","0.41022083163261414","0.41022083163261414","170","170","170"
"344000","0.33995160460472107","0.33995160460472107","0.33995160460472107","171","171","171"
"346000","0.31546807289123535","0.31546807289123535","0.31546807289123535","172","172","172"
"348000","0.374507337808609","0.374507337808609","0.374507337808609","173","173","173"
"350000","0.44468235969543457","0.44468235969543457","0.44468235969543457","174","174","174"
"352000","0.34294548630714417","0.34294548630714417","0.34294548630714417","175","175","175"
"354000","0.5394339561462402","0.5394339561462402","0.5394339561462402","176","176","176"
"356000","0.4185582101345062","0.4185582101345062","0.4185582101345062","177","177","177"
"358000","0.503655731678009","0.503655731678009","0.503655731678009","178","178","178"
"360000","0.6052325963973999","0.6052325963973999","0.6052325963973999","179","179","179"
"362000","0.4058893024921417","0.4058893024921417","0.4058893024921417","180","180","180"
"364000","0.24772639572620392","0.24772639572620392","0.24772639572620392","181","181","181"
"366000","0.6032796502113342","0.6032796502113342","0.6032796502113342","182","182","182"
"368000","0.41920340061187744","0.41920340061187744","0.41920340061187744","183","183","183"
"370000","0.3763869106769562","0.3763869106769562","0.3763869106769562","184","184","184"
"372000","0.3340359330177307","0.3340359330177307","0.3340359330177307","185","185","185"
"374000","0.6205533742904663","0.6205533742904663","0.6205533742904663","186","186","186"
"376000","0.10902208089828491","0.10902208089828491","0.10902208089828491","187","187","187"
"378000","0.3698529303073883","0.3698529303073883","0.3698529303073883","188","188","188"
"380000","0.5091665983200073","0.5091665983200073","0.5091665983200073","189","189","189"
"382000","0.20475192368030548","0.20475192368030548","0.20475192368030548","190","190","190"
"384000","0.4119412899017334","0.4119412899017334","0.4119412899017334","191","191","191"
"386000","0.4088500142097473","0.4088500142097473","0.4088500142097473","192","192","192"
"388000","0.4867269694805145","0.4867269694805145","0.4867269694805145","193","193","193"
"390000","0.21483689546585083","0.21483689546585083","0.21483689546585083","194","194","194"
"392000","0.3672012686729431","0.3672012686729431","0.3672012686729431","195","195","195"
"394000","0.5058223009109497","0.5058223009109497","0.5058223009109497","196","196","196"
"396000","0.387611448764801","0.387611448764801","0.387611448764801","197","197","197"
"398000","0.12279205769300461","0.12279205769300461","0.12279205769300461","198","198","198"
"400000","0.4885902404785156","0.4885902404785156","0.4885902404785156","199","199","199"
"402000","0.480533242225647","0.480533242225647","0.480533242225647","200","200","200"
"404000","0.2633787989616394","0.2633787989616394","0.2633787989616394","201","201","201"
"406000","0.2887733280658722","0.2887733280658722","0.2887733280658722","202","202","202"
"408000","0.36643099784851074","0.36643099784851074","0.36643099784851074","203","203","203"
"410000","0.2743012011051178","0.2743012011051178","0.2743012011051178","204","204","204"
"412000","0.397230327129364","0.397230327129364","0.397230327129364","205","205","205"
"414000","0.3528149724006653","0.3528149724006653","0.3528149724006653","206","206","206"
"416000","0.49363020062446594","0.49363020062446594","0.49363020062446594","207","207","207"
"418000","0.5200151205062866","0.5200151205062866","0.5200151205062866","208","208","208"
"420000","0.22166331112384796","0.22166331112384796","0.22166331112384796","209","209","209"
"422000","0.4793396294116974","0.4793396294116974","0.4793396294116974","210","210","210"
"424000","0.3655480146408081","0.3655480146408081","0.3655480146408081","211","211","211"
"426000","0.3304665684700012","0.3304665684700012","0.3304665684700012","212","212","212"
"428000","0.3748911917209625","0.3748911917209625","0.3748911917209625","213","213","213"
"430000","0.27704954147338867","0.27704954147338867","0.27704954147338867","214","214","214"
"432000","0.30800580978393555","0.30800580978393555","0.30800580978393555","215","215","215"
"434000","0.44364070892333984","0.44364070892333984","0.44364070892333984","216","216","216"
"436000","0.3965064585208893","0.3965064585208893","0.3965064585208893","217","217","217"
"438000","0.4326322376728058","0.4326322376728058","0.4326322376728058","218","218","218"
"440000","0.540666401386261","0.540666401386261","0.540666401386261","219","219","219"
"442000","0.3433373272418976","0.3433373272418976","0.3433373272418976","220","220","220"
"444000","0.3369881510734558","0.3369881510734558","0.3369881510734558","221","221","221"
"446000","0.44901973009109497","0.44901973009109497","0.44901973009109497","222","222","222"
"448000","0.2653866410255432","0.2653866410255432","0.2653866410255432","223","223","223"
"450000","0.15503332018852234","0.15503332018852234","0.15503332018852234","224","224","224"
"452000","0.3934705853462219","0.3934705853462219","0.3934705853462219","225","225","225"
"454000","0.29832109808921814","0.29832109808921814","0.29832109808921814","226","226","226"
"456000","0.3836559057235718","0.3836559057235718","0.3836559057235718","227","227","227"
"458000","0.2807784378528595","0.2807784378528595","0.2807784378528595","228","228","228"
"460000","0.27909931540489197","0.27909931540489197","0.27909931540489197","229","229","229"
"462000","0.23651984333992004","0.23651984333992004","0.23651984333992004","230","230","230"
"464000","0.292650043964386","0.292650043964386","0.292650043964386","231","231","231"
"466000","0.2798916697502136","0.2798916697502136","0.2798916697502136","232","232","232"
"468000","0.3671397864818573","0.3671397864818573","0.3671397864818573","233","233","233"
"470000","0.3074375092983246","0.3074375092983246","0.3074375092983246","234","234","234"
"472000","0.26173004508018494","0.26173004508018494","0.26173004508018494","235","235","235"
"474000","0.40809470415115356","0.40809470415115356","0.40809470415115356","236","236","236"
"476000","0.1451265513896942","0.1451265513896942","0.1451265513896942","237","237","237"
"478000","0.3987354636192322","0.3987354636192322","0.3987354636192322","238","238","238"
"480000","0.3650068938732147","0.3650068938732147","0.3650068938732147","239","239","239"
"482000","0.43613401055336","0.43613401055336","0.43613401055336","240","240","240"
"484000","0.4864429533481598","0.4864429533481598","0.4864429533481598","241","241","241"
"486000","0.5238050818443298","0.5238050818443298","0.5238050818443298","242","242","242"
"488000","0.4547072649002075","0.4547072649002075","0.4547072649002075","243","243","243"
"490000","0.3814270794391632","0.3814270794391632","0.3814270794391632","244","244","244"
"492000","0.6675922870635986","0.6675922870635986","0.6675922870635986","245","245","245"
"494000","0.5855704545974731","0.5855704545974731","0.5855704545974731","246","246","246"
"496000","0.4761592447757721","0.4761592447757721","0.4761592447757721","247","247","247"
"498000","0.5120649933815002","0.5120649933815002","0.5120649933815002","248","248","248"
"500000","0.3854864537715912","0.3854864537715912","0.3854864537715912","249","249","249"
"502000","0.5875183343887329","0.5875183343887329","0.5875183343887329","250","250","250"
"504000","0.4190254509449005","0.4190254509449005","0.4190254509449005","251","251","251"
"506000","0.38765037059783936","0.38765037059783936","0.38765037059783936","252","252","252"
"508000","0.3298121988773346","0.3298121988773346","0.3298121988773346","253","253","253"
"510000","0.5271181464195251","0.5271181464195251","0.5271181464195251","254","254","254"
"512000","0.3014748692512512","0.3014748692512512","0.3014748692512512","255","255","255"
"514000","0.3102124035358429","0.3102124035358429","0.3102124035358429","256","256","256"
"516000","0.6596305966377258","0.6596305966377258","0.6596305966377258","257","257","257"
"518000","0.7781444191932678","0.7781444191932678","0.7781444191932678","258","258","258"
"520000","0.2477995902299881","0.2477995902299881","0.2477995902299881","259","259","259"
"522000","0.44188839197158813","0.44188839197158813","0.44188839197158813","260","260","260"
"524000","0.448003888130188","0.448003888130188","0.448003888130188","261","261","261"
"526000","0.6033287048339844","0.6033287048339844","0.6033287048339844","262","262","262"
"528000","0.5793304443359375","0.5793304443359375","0.5793304443359375","263","263","263"
"530000","0.6211042404174805","0.6211042404174805","0.6211042404174805","264","264","264"
"532000","0.06750788539648056","0.06750788539648056","0.06750788539648056","265","265","265"
"534000","0.3955945074558258","0.3955945074558258","0.3955945074558258","266","266","266"
"536000","0.356877863407135","0.356877863407135","0.356877863407135","267","267","267"
"538000","0.36742424964904785","0.36742424964904785","0.36742424964904785","268","268","268"
"540000","0.41184601187705994","0.41184601187705994","0.41184601187705994","269","269","269"
"542000","0.4831373393535614","0.4831373393535614","0.4831373393535614","270","270","270"
"544000","0.30217069387435913","0.30217069387435913","0.30217069387435913","271","271","271"
"546000","0.49620354175567627","0.49620354175567627","0.49620354175567627","272","272","272"
"548000","0.28641316294670105","0.28641316294670105","0.28641316294670105","273","273","273"
"550000","0.013371266424655914","0.013371266424655914","0.013371266424655914","274","274","274"
"552000","0.5065153241157532","0.5065153241157532","0.5065153241157532","275","275","275"
"554000","0.31092438101768494","0.31092438101768494","0.31092438101768494","276","276","276"
"556000","0.35127970576286316","0.35127970576286316","0.35127970576286316","277","277","277"
"558000","0.13189288973808289","0.13189288973808289","0.13189288973808289","278","278","278"
"560000","0.3390536308288574","0.3390536308288574","0.3390536308288574","279","279","279"
"562000","0.5146902799606323","0.5146902799606323","0.5146902799606323","280","280","280"
"564000","0.4638237953186035","0.4638237953186035","0.4638237953186035","281","281","281"
"566000","0.3720705211162567","0.3720705211162567","0.3720705211162567","282","282","282"
"568000","0.20335637032985687","0.20335637032985687","0.20335637032985687","283","283","283"
"570000","0.6532430052757263","0.6532430052757263","0.6532430052757263","284","284","284"
"572000","0.4977162778377533","0.4977162778377533","0.4977162778377533","285","285","285"
"574000","0.43316879868507385","0.43316879868507385","0.43316879868507385","286","286","286"
"576000","0.44893699884414673","0.44893699884414673","0.44893699884414673","287","287","287"
"578000","0.33199912309646606","0.33199912309646606","0.33199912309646606","288","288","288"
"580000","0.45565396547317505","0.45565396547317505","0.45565396547317505","289","289","289"
"582000","0.524104654788971","0.524104654788971","0.524104654788971","290","290","290"
"584000","0.4080687463283539","0.4080687463283539","0.4080687463283539","291","291","291"
"586000","0.5326633453369141","0.5326633453369141","0.5326633453369141","292","292","292"
"588000","0.3827023208141327","0.3827023208141327","0.3827023208141327","293","293","293"
"590000","0.4018772840499878","0.4018772840499878","0.4018772840499878","294","294","294"
"592000","0.16336116194725037","0.16336116194725037","0.16336116194725037","295","295","295"
"594000","0.1922549307346344","0.1922549307346344","0.1922549307346344","296","296","296"
"596000","0.43556565046310425","0.43556565046310425","0.43556565046310425","297","297","297"
"598000","0.43887633085250854","0.43887633085250854","0.43887633085250854","298","298","298"
"600000","0.4046860337257385","0.4046860337257385","0.4046860337257385","299","299","299"
"602000","0.25908222794532776","0.25908222794532776","0.25908222794532776","300","300","300"
"604000","0.5641610622406006","0.5641610622406006","0.5641610622406006","301","301","301"
"606000","0.35853311419487","0.35853311419487","0.35853311419487","302","302","302"
"608000","0.3045749068260193","0.3045749068260193","0.3045749068260193","303","303","303"
"610000","0.5564379692077637","0.5564379692077637","0.5564379692077637","304","304","304"
"612000","0.32854148745536804","0.32854148745536804","0.32854148745536804","305","305","305"
"614000","0.25190839171409607","0.25190839171409607","0.25190839171409607","306","306","306"
"616000","0.41518276929855347","0.41518276929855347","0.41518276929855347","307","307","307"
"618000","0.5754362344741821","0.5754362344741821","0.5754362344741821","308","308","308"
"620000","0.15907660126686096","0.15907660126686096","0.15907660126686096","309","309","309"
"622000","0.2941451966762543","0.2941451966762543","0.2941451966762543","310","310","310"
"624000","0.44217824935913086","0.44217824935913086","0.44217824935913086","311","311","311"
"626000","0.4685547649860382","0.4685547649860382","0.4685547649860382","312","312","312"
"628000","0.27193257212638855","0.27193257212638855","0.27193257212638855","313","313","313"
"630000","0.2941023111343384","0.2941023111343384","0.2941023111343384","314","314","314"
"632000","0.5685115456581116","0.5685115456581116","0.5685115456581116","315","315","315"
"634000","0.5098814368247986","0.5098814368247986","0.5098814368247986","316","316","316"
"636000","0.32108941674232483","0.32108941674232483","0.32108941674232483","317","317","317"
"638000","0.42821383476257324","0.42821383476257324","0.42821383476257324","318","318","318"
"640000","0.18924731016159058","0.18924731016159058","0.18924731016159058","319","319","319"
"642000","0.3329091966152191","0.3329091966152191","0.3329091966152191","320","320","320"
"644000","0.454662561416626","0.454662561416626","0.454662561416626","321","321","321"
"646000","0.30589163303375244","0.30589163303375244","0.30589163303375244","322","322","322"
"648000","0.44165492057800293","0.44165492057800293","0.44165492057800293","323","323","323"
"650000","0.4767790734767914","0.4767790734767914","0.4767790734767914","324","324","324"
"652000","0.391955703496933","0.391955703496933","0.391955703496933","325","325","325"
"654000","0.24668391048908234","0.24668391048908234","0.24668391048908234","326","326","326"
"656000","0.46462807059288025","0.46462807059288025","0.46462807059288025","327","327","327"
"658000","0.48144978284835815","0.48144978284835815","0.48144978284835815","328","328","328"
"660000","0.21725335717201233","0.21725335717201233","0.21725335717201233","329","329","329"
"662000","0.2230478674173355","0.2230478674173355","0.2230478674173355","330","330","330"
"664000","0.2716503143310547","0.2716503143310547","0.2716503143310547","331","331","331"
"666000","0.37003928422927856","0.37003928422927856","0.37003928422927856","332","332","332"
"668000","0.4478190839290619","0.4478190839290619","0.4478190839290619","333","333","333"
"670000","0.3282482922077179","0.3282482922077179","0.3282482922077179","334","334","334"
"672000","0.4385848939418793","0.4385848939418793","0.4385848939418793","335","335","335"
"674000","0.5635262727737427","0.5635262727737427","0.5635262727737427","336","336","336"
"676000","0.4553392231464386","0.4553392231464386","0.4553392231464386","337","337","337"
"678000","0.18117806315422058","0.18117806315422058","0.18117806315422058","338","338","338"
"680000","0.3272566497325897","0.3272566497325897","0.3272566497325897","339","339","339"
"682000","0.48150503635406494","0.48150503635406494","0.48150503635406494","340","340","340"
"684000","0.5067261457443237","0.5067261457443237","0.5067261457443237","341","341","341"
"686000","0.3527110517024994","0.3527110517024994","0.3527110517024994","342","342","342"
"688000","0.188801571726799","0.188801571726799","0.188801571726799","343","343","343"
"690000","0.26716315746307373","0.26716315746307373","0.26716315746307373","344","344","344"
"692000","0.3955831825733185","0.3955831825733185","0.3955831825733185","345","345","345"
"694000","0.5384160280227661","0.5384160280227661","0.5384160280227661","346","346","346"
"696000","0.2717311978340149","0.2717311978340149","0.2717311978340149","347","347","347"
"698000","0.6591946482658386","0.6591946482658386","0.6591946482658386","348","348","348"
"700000","0.5057547092437744","0.5057547092437744","0.5057547092437744","349","349","349"
"702000","0.35661840438842773","0.35661840438842773","0.35661840438842773","350","350","350"
"704000","0.40327170491218567","0.40327170491218567","0.40327170491218567","351","351","351"
"706000","0.3754562735557556","0.3754562735557556","0.3754562735557556","352","352","352"
"708000","0.3156188726425171","0.3156188726425171","0.3156188726425171","353","353","353"
"710000","0.4850943386554718","0.4850943386554718","0.4850943386554718","354","354","354"
"712000","0.3367385268211365","0.3367385268211365","0.3367385268211365","355","355","355"
"714000","0.1627623587846756","0.1627623587846756","0.1627623587846756","356","356","356"
"716000","0.139749214053154","0.139749214053154","0.139749214053154","357","357","357"
"718000","0.2638561725616455","0.2638561725616455","0.2638561725616455","358","358","358"
"720000","0.4770928919315338","0.4770928919315338","0.4770928919315338","359","359","359"
"722000","0.29323434829711914","0.29323434829711914","0.29323434829711914","360","360","360"
"724000","0.45038631558418274","0.45038631558418274","0.45038631558418274","361","361","361"
"726000","0.35953018069267273","0.35953018069267273","0.35953018069267273","362","362","362"
"728000","0.433705598115921","0.433705598115921","0.433705598115921","363","363","363"
"730000","0.1777895838022232","0.1777895838022232","0.1777895838022232","364","364","364"
"732000","0.33172738552093506","0.33172738552093506","0.33172738552093506","365","365","365"
"734000","0.21351350843906403","0.21351350843906403","0.21351350843906403","366","366","366"
"736000","0.47303497791290283","0.47303497791290283","0.47303497791290283","367","367","367"
"738000","0.38972312211990356","0.38972312211990356","0.38972312211990356","368","368","368"
"740000","0.425465852022171","0.425465852022171","0.425465852022171","369","369","369"
"742000","0.39151787757873535","0.39151787757873535","0.39151787757873535","370","370","370"
"744000","0.45982301235198975","0.45982301235198975","0.45982301235198975","371","371","371"
"746000","0.4755566120147705","0.4755566120147705","0.4755566120147705","372","372","372"
"748000","0.40760064125061035","0.40760064125061035","0.40760064125061035","373","373","373"
"750000","0.4668525159358978","0.4668525159358978","0.4668525159358978","374","374","374"
"752000","0.455771803855896","0.455771803855896","0.455771803855896","375","375","375"
"754000","0.3108769357204437","0.3108769357204437","0.3108769357204437","376","376","376"
"756000","0.5115918517112732","0.5115918517112732","0.5115918517112732","377","377","377"
"758000","0.48405590653419495","0.48405590653419495","0.48405590653419495","378","378","378"
"760000","0.23532313108444214","0.23532313108444214","0.23532313108444214","379","379","379"
"762000","0.0733037143945694","0.0733037143945694","0.0733037143945694","380","380","380"
"764000","0.6146279573440552","0.6146279573440552","0.6146279573440552","381","381","381"
"766000","0.262285053730011","0.262285053730011","0.262285053730011","382","382","382"
"768000","0.2841995358467102","0.2841995358467102","0.2841995358467102","383","383","383"
"770000","0.19263190031051636","0.19263190031051636","0.19263190031051636","384","384","384"
"772000","0.5631160736083984","0.5631160736083984","0.5631160736083984","385","385","385"
"774000","0.2550234794616699","0.2550234794616699","0.2550234794616699","386","386","386"
"776000","0.4605107605457306","0.4605107605457306","0.4605107605457306","387","387","387"
"778000","0.3252996802330017","0.3252996802330017","0.3252996802330017","388","388","388"
"780000","0.5272483229637146","0.5272483229637146","0.5272483229637146","389","389","389"
"782000","0.32460734248161316","0.32460734248161316","0.32460734248161316","390","390","390"
"784000","0.5451856851577759","0.5451856851577759","0.5451856851577759","391","391","391"
"786000","0.5198503732681274","0.5198503732681274","0.5198503732681274","392","392","392"
"788000","0.5717384219169617","0.5717384219169617","0.5717384219169617","393","393","393"
"790000","0.3387147784233093","0.3387147784233093","0.3387147784233093","394","394","394"
"792000","0.3932075500488281","0.3932075500488281","0.3932075500488281","395","395","395"
"794000","0.5487248301506042","0.5487248301506042","0.5487248301506042","396","396","396"
"796000","0.34133613109588623","0.34133613109588623","0.34133613109588623","397","397","397"
"798000","0.44047170877456665","0.44047170877456665","0.44047170877456665","398","398","398"
"800000","0.48369309306144714","0.48369309306144714","0.48369309306144714","399","399","399"
"802000","0.5102064609527588","0.5102064609527588","0.5102064609527588","400","400","400"
"804000","0.2885192036628723","0.2885192036628723","0.2885192036628723","401","401","401"
"806000","0.3749527037143707","0.3749527037143707","0.3749527037143707","402","402","402"
"808000","0.49141761660575867","0.49141761660575867","0.49141761660575867","403","403","403"
"810000","0.2939586639404297","0.2939586639404297","0.2939586639404297","404","404","404"
"812000","0.37436559796333313","0.37436559796333313","0.37436559796333313","405","405","405"
"814000","0.3894960880279541","0.3894960880279541","0.3894960880279541","406","406","406"
"816000","0.17659978568553925","0.17659978568553925","0.17659978568553925","407","407","407"
"818000","0.5083476305007935","0.5083476305007935","0.5083476305007935","408","408","408"
"820000","0.2625376284122467","0.2625376284122467","0.2625376284122467","409","409","409"
"822000","0","0","0","410","410","410"
"824000","0.23919597268104553","0.23919597268104553","0.23919597268104553","411","411","411"
"826000","0.2895202338695526","0.2895202338695526","0.2895202338695526","412","412","412"
"828000","0.22422482073307037","0.22422482073307037","0.22422482073307037","413","413","413"
"830000","0.18929696083068848","0.18929696083068848","0.18929696083068848","414","414","414"
"832000","0.4202069342136383","0.4202069342136383","0.4202069342136383","415","415","415"
"834000","0.5575644373893738","0.5575644373893738","0.5575644373893738","416","416","416"
"836000","0.07080242782831192","0.07080242782831192","0.07080242782831192","417","417","417"
"838000","0.5814685821533203","0.5814685821533203","0.5814685821533203","418","418","418"
"840000","0.2896344065666199","0.2896344065666199","0.2896344065666199","419","419","419"
"842000","0.4478912949562073","0.4478912949562073","0.4478912949562073","420","420","420"
"844000","0.37155112624168396","0.37155112624168396","0.37155112624168396","421","421","421"
"846000","0.3353051543235779","0.3353051543235779","0.3353051543235779","422","422","422"
"848000","0.40636223554611206","0.40636223554611206","0.40636223554611206","423","423","423"
"850000","0.3248283565044403","0.3248283565044403","0.3248283565044403","424","424","424"
"852000","0.5962203145027161","0.5962203145027161","0.5962203145027161","425","425","425"
"854000","0.39812129735946655","0.39812129735946655","0.39812129735946655","426","426","426"
"856000","0.19133684039115906","0.19133684039115906","0.19133684039115906","427","427","427"
"858000","0.21665538847446442","0.21665538847446442","0.21665538847446442","428","428","428"
"860000","0.2409127652645111","0.2409127652645111","0.2409127652645111","429","429","429"
"862000","0.17280623316764832","0.17280623316764832","0.17280623316764832","430","430","430"
"864000","0.29640066623687744","0.29640066623687744","0.29640066623687744","431","431","431"
"866000","0.2370457947254181","0.2370457947254181","0.2370457947254181","432","432","432"
"868000","0.38422712683677673","0.38422712683677673","0.38422712683677673","433","433","433"
"870000","0.2789970636367798","0.2789970636367798","0.2789970636367798","434","434","434"
"872000","0.24901460111141205","0.24901460111141205","0.24901460111141205","435","435","435"
"874000","0.34171369671821594","0.34171369671821594","0.34171369671821594","436","436","436"
"876000","0.5330830812454224","0.5330830812454224","0.5330830812454224","437","437","437"
"878000","0.2115570604801178","0.2115570604801178","0.2115570604801178","438","438","438"
"880000","0.32764729857444763","0.32764729857444763","0.32764729857444763","439","439","439"
"882000","0.44939088821411133","0.44939088821411133","0.44939088821411133","440","440","440"
"884000","0.34581437706947327","0.34581437706947327","0.34581437706947327","441","441","441"
"886000","0.5247179269790649","0.5247179269790649","0.5247179269790649","442","442","442"
"888000","0.20746763050556183","0.20746763050556183","0.20746763050556183","443","443","443"
"890000","0.015391380526125431","0.015391380526125431","0.015391380526125431","444","444","444"
"892000","0.44402164220809937","0.44402164220809937","0.44402164220809937","445","445","445"
"894000","0.09915094077587128","0.09915094077587128","0.09915094077587128","446","446","446"
"896000","0.33168190717697144","0.33168190717697144","0.33168190717697144","447","447","447"
"898000","0.5495570302009583","0.5495570302009583","0.5495570302009583","448","448","448"
"900000","0.2265477478504181","0.2265477478504181","0.2265477478504181","449","449","449"
"902000","0.546295702457428","0.546295702457428","0.546295702457428","450","450","450"
"904000","0.33100995421409607","0.33100995421409607","0.33100995421409607","451","451","451"
"906000","0.3443440794944763","0.3443440794944763","0.3443440794944763","452","452","452"
"908000","0.42689159512519836","0.42689159512519836","0.42689159512519836","453","453","453"
"910000","0.44620174169540405","0.44620174169540405","0.44620174169540405","454","454","454"
"912000","0.37035495042800903","0.37035495042800903","0.37035495042800903","455","455","455"
"914000","0.5898282527923584","0.5898282527923584","0.5898282527923584","456","456","456"
"916000","0.5038436055183411","0.5038436055183411","0.5038436055183411","457","457","457"
"918000","0.5412559509277344","0.5412559509277344","0.5412559509277344","458","458","458"
"920000","0.38475674390792847","0.38475674390792847","0.38475674390792847","459","459","459"
"922000","0.05488647520542145","0.05488647520542145","0.05488647520542145","460","460","460"
"924000","0.2741251289844513","0.2741251289844513","0.2741251289844513","461","461","461"
"926000","0.25601258873939514","0.25601258873939514","0.25601258873939514","462","462","462"
"928000","0.3354530930519104","0.3354530930519104","0.3354530930519104","463","463","463"
"930000","0.5999705791473389","0.5999705791473389","0.5999705791473389","464","464","464"
"932000","0.41020452976226807","0.41020452976226807","0.41020452976226807","465","465","465"
"934000","0.3535795509815216","0.3535795509815216","0.3535795509815216","466","466","466"
"936000","0.5552557706832886","0.5552557706832886","0.5552557706832886","467","467","467"
"938000","0.40352845191955566","0.40352845191955566","0.40352845191955566","468","468","468"
"940000","0.32784637808799744","0.32784637808799744","0.32784637808799744","469","469","469"
"942000","0.5140571594238281","0.5140571594238281","0.5140571594238281","470","470","470"
"944000","0.08214109390974045","0.08214109390974045","0.08214109390974045","471","471","471"
"946000","0.19363440573215485","0.19363440573215485","0.19363440573215485","472","472","472"
"948000","0.08986975252628326","0.08986975252628326","0.08986975252628326","473","473","473"
"950000","0.22445476055145264","0.22445476055145264","0.22445476055145264","474","474","474"
"952000","0.40817782282829285","0.40817782282829285","0.40817782282829285","475","475","475"
"954000","0.45361077785491943","0.45361077785491943","0.45361077785491943","476","476","476"
"956000","0.15014058351516724","0.15014058351516724","0.15014058351516724","477","477","477"
"958000","0.4107871353626251","0.4107871353626251","0.4107871353626251","478","478","478"
"960000","0.4468338191509247","0.4468338191509247","0.4468338191509247","479","479","479"
"962000","0.3649652898311615","0.3649652898311615","0.3649652898311615","480","480","480"
"964000","0.5234286189079285","0.5234286189079285","0.5234286189079285","481","481","481"
"966000","0.3821960985660553","0.3821960985660553","0.3821960985660553","482","482","482"
"968000","0.3959147334098816","0.3959147334098816","0.3959147334098816","483","483","483"
"970000","0.18221676349639893","0.18221676349639893","0.18221676349639893","484","484","484"
"972000","0.5141217708587646","0.5141217708587646","0.5141217708587646","485","485","485"
"974000","0.0003477857680991292","0.0003477857680991292","0.0003477857680991292","486","486","486"
"976000","0.2829732298851013","0.2829732298851013","0.2829732298851013","487","487","487"
"978000","0.43981266021728516","0.43981266021728516","0.43981266021728516","488","488","488"
"980000","0.06634443253278732","0.06634443253278732","0.06634443253278732","489","489","489"
"982000","0.6262980699539185","0.6262980699539185","0.6262980699539185","490","490","490"
"984000","0.18982411921024323","0.18982411921024323","0.18982411921024323","491","491","491"
"986000","0.5193551182746887","0.5193551182746887","0.5193551182746887","492","492","492"
"988000","0.18309858441352844","0.18309858441352844","0.18309858441352844","493","493","493"
"990000","0.4096755087375641","0.4096755087375641","0.4096755087375641","494","494","494"
"992000","0.3098635971546173","0.3098635971546173","0.3098635971546173","495","495","495"
"994000","0.4191840887069702","0.4191840887069702","0.4191840887069702","496","496","496"
"996000","0.36897313594818115","0.36897313594818115","0.36897313594818115","497","497","497"
"998000","0.2514285743236542","0.2514285743236542","0.2514285743236542","498","498","498"
"1000000","0.36380675435066223","0.36380675435066223","0.36380675435066223","499","499","499"
"1002000","0.26328521966934204","0.26328521966934204","0.26328521966934204","500","500","500"
"1004000","0.590692400932312","0.590692400932312","0.590692400932312","501","501","501"
"1006000","0.16397449374198914","0.16397449374198914","0.16397449374198914","502","502","502"
"1008000","0.45414847135543823","0.45414847135543823","0.45414847135543823","503","503","503"
"1010000","0.2801978290081024","0.2801978290081024","0.2801978290081024","504","504","504"
"1012000","0.387925386428833","0.387925386428833","0.387925386428833","505","505","505"
"1014000","0.28005337715148926","0.28005337715148926","0.28005337715148926","506","506","506"
"1016000","0.5358719229698181","0.5358719229698181","0.5358719229698181","507","507","507"
"1018000","0.3776478171348572","0.3776478171348572","0.3776478171348572","508","508","508"
"1020000","0.3053150475025177","0.3053150475025177","0.3053150475025177","509","509","509"
"1022000","0.17785409092903137","0.17785409092903137","0.17785409092903137","510","510","510"
"1024000","0.08765757828950882","0.08765757828950882","0.08765757828950882","511","511","511"
"1026000","0.2476971596479416","0.2476971596479416","0.2476971596479416","512","512","512"
"1028000","0.34838709235191345","0.34838709235191345","0.34838709235191345","513","513","513"
"1030000","0.4209434390068054","0.4209434390068054","0.4209434390068054","514","514","514"
"1032000","0.49890005588531494","0.49890005588531494","0.49890005588531494","515","515","515"
"1034000","0.2624248266220093","0.2624248266220093","0.2624248266220093","516","516","516"
"1036000","0.379203736782074","0.379203736782074","0.379203736782074","517","517","517"
"1038000","0.3256561756134033","0.3256561756134033","0.3256561756134033","518","518","518"
"1040000","0.3245263397693634","0.3245263397693634","0.3245263397693634","519","519","519"
"1042000","0.4857273995876312","0.4857273995876312","0.4857273995876312","520","520","520"
"1044000","0.5136622190475464","0.5136622190475464","0.5136622190475464","521","521","521"
"1046000","0.5970115661621094","0.5970115661621094","0.5970115661621094","522","522","522"
"1048000","0.08658115565776825","0.08658115565776825","0.08658115565776825","523","523","523"
"1050000","0.4060283601284027","0.4060283601284027","0.4060283601284027","524","524","524"
"1052000","0.17439566552639008","0.17439566552639008","0.17439566552639008","525","525","525"
"1054000","0.0956459641456604","0.0956459641456604","0.0956459641456604","526","526","526"
"1056000","0.4307297170162201","0.4307297170162201","0.4307297170162201","527","527","527"
"1058000","0.39904841780662537","0.39904841780662537","0.39904841780662537","528","528","528"
"1060000","0.20467737317085266","0.20467737317085266","0.20467737317085266","529","529","529"
"1062000","0.6416137218475342","0.6416137218475342","0.6416137218475342","530","530","530"
"1064000","0.4840625524520874","0.4840625524520874","0.4840625524520874","531","531","531"
"1066000","0.11509817093610764","0.11509817093610764","0.11509817093610764","532","532","532"
"1068000","0.40296581387519836","0.40296581387519836","0.40296581387519836","533","533","533"
"1070000","0.30949071049690247","0.30949071049690247","0.30949071049690247","534","534","534"
"1072000","0.4546022415161133","0.4546022415161133","0.4546022415161133","535","535","535"
"1074000","0.2532750964164734","0.2532750964164734","0.2532750964164734","536","536","536"
"1076000","0.49678611755371094","0.49678611755371094","0.49678611755371094","537","537","537"
"1078000","0.09317922592163086","0.09317922592163086","0.09317922592163086","538","538","538"
"1080000","0.5148298740386963","0.5148298740386963","0.5148298740386963","539","539","539"
"1082000","0.28608325123786926","0.28608325123786926","0.28608325123786926","540","540","540"
"1084000","0.3016773462295532","0.3016773462295532","0.3016773462295532","541","541","541"
"1086000","0.4927045404911041","0.4927045404911041","0.4927045404911041","542","542","542"
"1088000","0.5316829085350037","0.5316829085350037","0.5316829085350037","543","543","543"
"1090000","0.2376144379377365","0.2376144379377365","0.2376144379377365","544","544","544"
"1092000","0.493591845035553","0.493591845035553","0.493591845035553","545","545","545"
"1094000","0.01620839349925518","0.01620839349925518","0.01620839349925518","546","546","546"
"1096000","0.09388390928506851","0.09388390928506851","0.09388390928506851","547","547","547"
"1098000","0.514869749546051","0.514869749546051","0.514869749546051","548","548","548"
"1100000","0.04645441472530365","0.04645441472530365","0.04645441472530365","549","549","549"
"1102000","0.04692023620009422","0.04692023620009422","0.04692023620009422","550","550","550"
"1104000","0.0005123475566506386","0.0005123475566506386","0.0005123475566506386","551","551","551"
"1106000","0.0681573823094368","0.0681573823094368","0.0681573823094368","552","552","552"
"1108000","0.01007979828864336","0.01007979828864336","0.01007979828864336","553","553","553"
"1110000","0.23277661204338074","0.23277661204338074","0.23277661204338074","554","554","554"
"1112000","0.3599853217601776","0.3599853217601776","0.3599853217601776","555","555","555"
"1114000","0.21447570621967316","0.21447570621967316","0.21447570621967316","556","556","556"
"1116000","0.471790075302124","0.471790075302124","0.471790075302124","557","557","557"
"1118000","0.15843066573143005","0.15843066573143005","0.15843066573143005","558","558","558"
"1120000","0.23616601526737213","0.23616601526737213","0.23616601526737213","559","559","559"
"1122000","0.15108534693717957","0.15108534693717957","0.15108534693717957","560","560","560"
"1124000","0.29146715998649597","0.29146715998649597","0.29146715998649597","561","561","561"
"1126000","0.1358037143945694","0.1358037143945694","0.1358037143945694","562","562","562"
"1128000","0.30755168199539185","0.30755168199539185","0.30755168199539185","563","563","563"
"1130000","0.07685213536024094","0.07685213536024094","0.07685213536024094","564","564","564"
"1132000","0.058746736496686935","0.058746736496686935","0.058746736496686935","565","565","565"
"1134000","0.22019128501415253","0.22019128501415253","0.22019128501415253","566","566","566"
"1136000","0.17116035521030426","0.17116035521030426","0.17116035521030426","567","567","567"
"1138000","0.32816362380981445","0.32816362380981445","0.32816362380981445","568","568","568"
"1140000","0.39968326687812805","0.39968326687812805","0.39968326687812805","569","569","569"
"1142000","0.33522582054138184","0.33522582054138184","0.33522582054138184","570","570","570"
"1144000","0.2514808773994446","0.2514808773994446","0.2514808773994446","571","571","571"
"1146000","0.5371718406677246","0.5371718406677246","0.5371718406677246","572","572","572"
"1148000","0.002558167790994048","0.002558167790994048","0.002558167790994048","573","573","573"
"1150000","0.3677135705947876","0.3677135705947876","0.3677135705947876","574","574","574"
"1152000","0.12735167145729065","0.12735167145729065","0.12735167145729065","575","575","575"
"1154000","0.12402315437793732","0.12402315437793732","0.12402315437793732","576","576","576"
"1156000","0.2947135269641876","0.2947135269641876","0.2947135269641876","577","577","577"
"1158000","0.22348564863204956","0.22348564863204956","0.22348564863204956","578","578","578"
"1160000","0.060216110199689865","0.060216110199689865","0.060216110199689865","579","579","579"
"1162000","0.363618403673172","0.363618403673172","0.363618403673172","580","580","580"
"1164000","0.4183221459388733","0.4183221459388733","0.4183221459388733","581","581","581"
"1166000","0.20825998485088348","0.20825998485088348","0.20825998485088348","582","582","582"
"1168000","0.30575957894325256","0.30575957894325256","0.30575957894325256","583","583","583"
"1170000","0.36486896872520447","0.36486896872520447","0.36486896872520447","584","584","584"
"1172000","0.38988354802131653","0.38988354802131653","0.38988354802131653","585","585","585"
"1174000","0.12513436377048492","0.12513436377048492","0.12513436377048492","586","586","586"
"1176000","0.3777279257774353","0.3777279257774353","0.3777279257774353","587","587","587"
"1178000","0.44314923882484436","0.44314923882484436","0.44314923882484436","588","588","588"
"1180000","0.01888502761721611","0.01888502761721611","0.01888502761721611","589","589","589"
"1182000","0.41194355487823486","0.41194355487823486","0.41194355487823486","590","590","590"
"1184000","0.30599409341812134","0.30599409341812134","0.30599409341812134","591","591","591"
"1186000","0.3177782893180847","0.3177782893180847","0.3177782893180847","592","592","592"
"1188000","0.3602755665779114","0.3602755665779114","0.3602755665779114","593","593","593"
"1190000","0.05261577293276787","0.05261577293276787","0.05261577293276787","594","594","594"
"1192000","0.46794408559799194","0.46794408559799194","0.46794408559799194","595","595","595"
"1194000","0.021608861163258553","0.021608861163258553","0.021608861163258553","596","596","596"
"1196000","0.6041322946548462","0.6041322946548462","0.6041322946548462","597","597","597"
"1198000","0.20523197948932648","0.20523197948932648","0.20523197948932648","598","598","598"
"1200000","0.23720712959766388","0.23720712959766388","0.23720712959766388","599","599","599"
"1202000","0.37268340587615967","0.37268340587615967","0.37268340587615967","600","600","600"
"1204000","0.39621642231941223","0.39621642231941223","0.39621642231941223","601","601","601"
"1206000","0.0058798822574317455","0.0058798822574317455","0.0058798822574317455","602","602","602"
"1208000","0.19897684454917908","0.19897684454917908","0.19897684454917908","603","603","603"
"1210000","0.12256033718585968","0.12256033718585968","0.12256033718585968","604","604","604"
"1212000","0.056141894310712814","0.056141894310712814","0.056141894310712814","605","605","605"
"1214000","0.3452030122280121","0.3452030122280121","0.3452030122280121","606","606","606"
"1216000","0.3549056649208069","0.3549056649208069","0.3549056649208069","607","607","607"
"1218000","0.11504203081130981","0.11504203081130981","0.11504203081130981","608","608","608"
"1220000","0.21341070532798767","0.21341070532798767","0.21341070532798767","609","609","609"
"1222000","0.48408767580986023","0.48408767580986023","0.48408767580986023","610","610","610"
"1224000","0.20876535773277283","0.20876535773277283","0.20876535773277283","611","611","611"
"1226000","0.04787793755531311","0.04787793755531311","0.04787793755531311","612","612","612"
"1228000","0.22934213280677795","0.22934213280677795","0.22934213280677795","613","613","613"
"1230000","0.10907739400863647","0.10907739400863647","0.10907739400863647","614","614","614"
"1232000","0.3659932017326355","0.3659932017326355","0.3659932017326355","615","615","615"
"1234000","0.19473306834697723","0.19473306834697723","0.19473306834697723","616","616","616"
"1236000","0.423347532749176","0.423347532749176","0.423347532749176","617","617","617"
"1238000","0.28902140259742737","0.28902140259742737","0.28902140259742737","618","618","618"
"1240000","0.41048458218574524","0.41048458218574524","0.41048458218574524","619","619","619"
"1242000","0.0329354889690876","0.0329354889690876","0.0329354889690876","620","620","620"
"1244000","0.30021798610687256","0.30021798610687256","0.30021798610687256","621","621","621"
"1246000","0.6429794430732727","0.6429794430732727","0.6429794430732727","622","622","622"
"1248000","0.3135376274585724","0.3135376274585724","0.3135376274585724","623","623","623"
"1250000","0.4800083339214325","0.4800083339214325","0.4800083339214325","624","624","624"
"1252000","0.6255084276199341","0.6255084276199341","0.6255084276199341","625","625","625"
"1254000","0.0852075144648552","0.0852075144648552","0.0852075144648552","626","626","626"
"1256000","0.37351664900779724","0.37351664900779724","0.37351664900779724","627","627","627"
"1258000","0.3145712912082672","0.3145712912082672","0.3145712912082672","628","628","628"
"1260000","0.2730112373828888","0.2730112373828888","0.2730112373828888","629","629","629"
"1262000","0.42464539408683777","0.42464539408683777","0.42464539408683777","630","630","630"
"1264000","0.015885358676314354","0.015885358676314354","0.015885358676314354","631","631","631"
"1266000","0.26467427611351013","0.26467427611351013","0.26467427611351013","632","632","632"
"1268000","0.015078236348927021","0.015078236348927021","0.015078236348927021","633","633","633"
"1270000","0.2754574120044708","0.2754574120044708","0.2754574120044708","634","634","634"
"1272000","0.5937397480010986","0.5937397480010986","0.5937397480010986","635","635","635"
"1274000","0.2717069685459137","0.2717069685459137","0.2717069685459137","636","636","636"
"1276000","0.41224437952041626","0.41224437952041626","0.41224437952041626","637","637","637"
"1278000","0.39717134833335876","0.39717134833335876","0.39717134833335876","638","638","638"
"1280000","0.3939529061317444","0.3939529061317444","0.3939529061317444","639","639","639"
"1282000","0.3165283203125","0.3165283203125","0.3165283203125","640","640","640"
"1284000","0.06737542897462845","0.06737542897462845","0.06737542897462845","641","641","641"
"1286000","0.26848170161247253","0.26848170161247253","0.26848170161247253","642","642","642"
"1288000","0.414313942193985","0.414313942193985","0.414313942193985","643","643","643"
"1290000","0.1404924839735031","0.1404924839735031","0.1404924839735031","644","644","644"
"1292000","0.2865968942642212","0.2865968942642212","0.2865968942642212","645","645","645"
"1294000","0.06122828274965286","0.06122828274965286","0.06122828274965286","646","646","646"
"1296000","0.4173870384693146","0.4173870384693146","0.4173870384693146","647","647","647"
"1298000","0.37299537658691406","0.37299537658691406","0.37299537658691406","648","648","648"
"1300000","0.32733893394470215","0.32733893394470215","0.32733893394470215","649","649","649"
"1302000","0.092119000852108","0.092119000852108","0.092119000852108","650","650","650"
"1304000","0.25398966670036316","0.25398966670036316","0.25398966670036316","651","651","651"
"1306000","0.49672409892082214","0.49672409892082214","0.49672409892082214","652","652","652"
"1308000","0.08076270669698715","0.08076270669698715","0.08076270669698715","653","653","653"
"1310000","0.0828789547085762","0.0828789547085762","0.0828789547085762","654","654","654"
"1312000","0.41993921995162964","0.41993921995162964","0.41993921995162964","655","655","655"
"1314000","0.47164666652679443","0.47164666652679443","0.47164666652679443","656","656","656"
"1316000","0.26019853353500366","0.26019853353500366","0.26019853353500366","657","657","657"
"1318000","0.2980382442474365","0.2980382442474365","0.2980382442474365","658","658","658"
"1320000","0.2697712481021881","0.2697712481021881","0.2697712481021881","659","659","659"
"1322000","0.11694633215665817","0.11694633215665817","0.11694633215665817","660","660","660"
"1324000","0.2458920180797577","0.2458920180797577","0.2458920180797577","661","661","661"
"1326000","0.2882693409919739","0.2882693409919739","0.2882693409919739","662","662","662"
"1328000","0.0164677444845438","0.0164677444845438","0.0164677444845438","663","663","663"
"1330000","0.6554058790206909","0.6554058790206909","0.6554058790206909","664","664","664"
"1332000","0.39941972494125366","0.39941972494125366","0.39941972494125366","665","665","665"
"1334000","0.3874955177307129","0.3874955177307129","0.3874955177307129","666","666","666"
"1336000","0.23483896255493164","0.23483896255493164","0.23483896255493164","667","667","667"
"1338000","0.09811122715473175","0.09811122715473175","0.09811122715473175","668","668","668"
"1340000","0.1965065449476242","0.1965065449476242","0.1965065449476242","669","669","669"
"1342000","0.16506274044513702","0.16506274044513702","0.16506274044513702","670","670","670"
"1344000","0.3235362768173218","0.3235362768173218","0.3235362768173218","671","671","671"
"1346000","0.2022482454776764","0.2022482454776764","0.2022482454776764","672","672","672"
"1348000","0.42218729853630066","0.42218729853630066","0.42218729853630066","673","673","673"
"1350000","0.43625080585479736","0.43625080585479736","0.43625080585479736","674","674","674"
"1352000","0.4284994602203369","0.4284994602203369","0.4284994602203369","675","675","675"
"1354000","0.4417155086994171","0.4417155086994171","0.4417155086994171","676","676","676"
"1356000","0.49820420145988464","0.49820420145988464","0.49820420145988464","677","677","677"
"1358000","0.6844561100006104","0.6844561100006104","0.6844561100006104","678","678","678"
"1360000","0.22292453050613403","0.22292453050613403","0.22292453050613403","679","679","679"
"1362000","0.5206265449523926","0.5206265449523926","0.5206265449523926","680","680","680"
"1364000","0.20133279263973236","0.20133279263973236","0.20133279263973236","681","681","681"
"1366000","0.2934472858905792","0.2934472858905792","0.2934472858905792","682","682","682"
"1368000","0.03688997030258179","0.03688997030258179","0.03688997030258179","683","683","683"
"1370000","0.31075236201286316","0.31075236201286316","0.31075236201286316","684","684","684"
"1372000","0.3138100504875183","0.3138100504875183","0.3138100504875183","685","685","685"
"1374000","0.5171458721160889","0.5171458721160889","0.5171458721160889","686","686","686"
"1376000","0.2886638641357422","0.2886638641357422","0.2886638641357422","687","687","687"
"1378000","0.19415998458862305","0.19415998458862305","0.19415998458862305","688","688","688"
"1380000","0.16421671211719513","0.16421671211719513","0.16421671211719513","689","689","689"
"1382000","0.20808182656764984","0.20808182656764984","0.20808182656764984","690","690","690"
"1384000","0.6977325081825256","0.6977325081825256","0.6977325081825256","691","691","691"
"1386000","0.28004035353660583","0.28004035353660583","0.28004035353660583","692","692","692"
"1388000","0.13651050627231598","0.13651050627231598","0.13651050627231598","693","693","693"
"1390000","0.22464455664157867","0.22464455664157867","0.22464455664157867","694","694","694"
"1392000","0.28820961713790894","0.28820961713790894","0.28820961713790894","695","695","695"
"1394000","0.5730084180831909","0.5730084180831909","0.5730084180831909","696","696","696"
"1396000","0.14020244777202606","0.14020244777202606","0.14020244777202606","697","697","697"
"1398000","0.5555555820465088","0.5555555820465088","0.5555555820465088","698","698","698"
"1400000","0.6393852233886719","0.6393852233886719","0.6393852233886719","699","699","699"
"1402000","0.4068705141544342","0.4068705141544342","0.4068705141544342","700","700","700"
"1404000","0.2951538860797882","0.2951538860797882","0.2951538860797882","701","701","701"
"1406000","0.23311814665794373","0.23311814665794373","0.23311814665794373","702","702","702"
"1408000","0.4550003409385681","0.4550003409385681","0.4550003409385681","703","703","703"
"1410000","0.3902530372142792","0.3902530372142792","0.3902530372142792","704","704","704"
"1412000","0.5097237825393677","0.5097237825393677","0.5097237825393677","705","705","705"
"1414000","0.037004560232162476","0.037004560232162476","0.037004560232162476","706","706","706"
"1416000","0.0771537646651268","0.0771537646651268","0.0771537646651268","707","707","707"
"1418000","0.38926583528518677","0.38926583528518677","0.38926583528518677","708","708","708"
"1420000","0.6044826507568359","0.6044826507568359","0.6044826507568359","709","709","709"
"1422000","0.36799857020378113","0.36799857020378113","0.36799857020378113","710","710","710"
"1424000","0.5749787092208862","0.5749787092208862","0.5749787092208862","711","711","711"
"1426000","0.5015149712562561","0.5015149712562561","0.5015149712562561","712","712","712"
"1428000","0.33010387420654297","0.33010387420654297","0.33010387420654297","713","713","713"
"1430000","0.21570351719856262","0.21570351719856262","0.21570351719856262","714","714","714"
"1432000","0.47195714712142944","0.47195714712142944","0.47195714712142944","715","715","715"
"1434000","0.42455682158470154","0.42455682158470154","0.42455682158470154","716","716","716"
"1436000","0.33343371748924255","0.33343371748924255","0.33343371748924255","717","717","717"
"1438000","0.41498520970344543","0.41498520970344543","0.41498520970344543","718","718","718"
"1440000","0.38020873069763184","0.38020873069763184","0.38020873069763184","719","719","719"
"1442000","0","0","0","720","720","720"
"1444000","0.1377633661031723","0.1377633661031723","0.1377633661031723","721","721","721"
"1446000","0.32808828353881836","0.32808828353881836","0.32808828353881836","722","722","722"
"1448000","0.3363398611545563","0.3363398611545563","0.3363398611545563","723","723","723"
"1450000","0.26911690831184387","0.26911690831184387","0.26911690831184387","724","724","724"
"1452000","0.20996852219104767","0.20996852219104767","0.20996852219104767","725","725","725"
"1454000","0.2996579706668854","0.2996579706668854","0.2996579706668854","726","726","726"
"1456000","0.40248921513557434","0.40248921513557434","0.40248921513557434","727","727","727"
"1458000","0.3647327721118927","0.3647327721118927","0.3647327721118927","728","728","728"
"1460000","0.5990296602249146","0.5990296602249146","0.5990296602249146","729","729","729"
"1462000","0.2886742353439331","0.2886742353439331","0.2886742353439331","730","730","730"
"1464000","0.05615023523569107","0.05615023523569107","0.05615023523569107","731","731","731"
"1466000","0.264426589012146","0.264426589012146","0.264426589012146","732","732","732"
"1468000","0.2772959768772125","0.2772959768772125","0.2772959768772125","733","733","733"
"1470000","0.053075868636369705","0.053075868636369705","0.053075868636369705","734","734","734"
"1472000","0.43932604789733887","0.43932604789733887","0.43932604789733887","735","735","735"
"1474000","0.22671961784362793","0.22671961784362793","0.22671961784362793","736","736","736"
"1476000","0.1543370634317398","0.1543370634317398","0.1543370634317398","737","737","737"
"1478000","0.5598940849304199","0.5598940849304199","0.5598940849304199","738","738","738"
"1480000","0.36163654923439026","0.36163654923439026","0.36163654923439026","739","739","739"
"1482000","0.35092347860336304","0.35092347860336304","0.35092347860336304","740","740","740"
"1484000","0.6040362119674683","0.6040362119674683","0.6040362119674683","741","741","741"
"1486000","0.4953310191631317","0.4953310191631317","0.4953310191631317","742","742","742"
"1488000","0.17869621515274048","0.17869621515274048","0.17869621515274048","743","743","743"
"1490000","0.4884764552116394","0.4884764552116394","0.4884764552116394","744","744","744"
"1492000","0.5613322257995605","0.5613322257995605","0.5613322257995605","745","745","745"
"1494000","0.598310649394989","0.598310649394989","0.598310649394989","746","746","746"
"1496000","0.2816384434700012","0.2816384434700012","0.2816384434700012","747","747","747"
"1498000","0.2779630720615387","0.2779630720615387","0.2779630720615387","749","749","749"
"1500000","0.3467755913734436","0.3467755913734436","0.3467755913734436","750","750","750"