"global_step","251213_useLessPoint - train/final_episode_iou","251213_useLessPoint - train/final_episode_iou__MIN","251213_useLessPoint - train/final_episode_iou__MAX","251213_useLessPoint - _step","251213_useLessPoint - _step__MIN","251213_useLessPoint - _step__MAX"
"2000","0.4218348264694214","0.4218348264694214","0.4218348264694214","0","0","0"
"4000","0.3280618488788605","0.3280618488788605","0.3280618488788605","1","1","1"
"6000","0.34757372736930847","0.34757372736930847","0.34757372736930847","2","2","2"
"8000","0.42371508479118347","0.42371508479118347","0.42371508479118347","3","3","3"
"10000","0.3359985947608948","0.3359985947608948","0.3359985947608948","4","4","4"
"12000","0.40935325622558594","0.40935325622558594","0.40935325622558594","5","5","5"
"14000","0.42038992047309875","0.42038992047309875","0.42038992047309875","6","6","6"
"16000","0.4385477602481842","0.4385477602481842","0.4385477602481842","7","7","7"
"18000","0.1488928496837616","0.1488928496837616","0.1488928496837616","8","8","8"
"20000","0.23362703621387482","0.23362703621387482","0.23362703621387482","9","9","9"
"22000","0.3423503041267395","0.3423503041267395","0.3423503041267395","10","10","10"
"24000","0.48197412490844727","0.48197412490844727","0.48197412490844727","11","11","11"
"26000","0.36426180601119995","0.36426180601119995","0.36426180601119995","12","12","12"
"28000","0.30951038002967834","0.30951038002967834","0.30951038002967834","13","13","13"
"30000","0.48179891705513","0.48179891705513","0.48179891705513","14","14","14"
"32000","0.22379367053508759","0.22379367053508759","0.22379367053508759","15","15","15"
"34000","0.42356276512145996","0.42356276512145996","0.42356276512145996","16","16","16"
"36000","0.28300532698631287","0.28300532698631287","0.28300532698631287","17","17","17"
"38000","0.4360918402671814","0.4360918402671814","0.4360918402671814","18","18","18"
"40000","0.29268836975097656","0.29268836975097656","0.29268836975097656","19","19","19"
"42000","0.35885727405548096","0.35885727405548096","0.35885727405548096","20","20","20"
"44000","0.3893812596797943","0.3893812596797943","0.3893812596797943","21","21","21"
"46000","0.2298482060432434","0.2298482060432434","0.2298482060432434","22","22","22"
"48000","0.36113402247428894","0.36113402247428894","0.36113402247428894","23","23","23"
"50000","0.3059314787387848","0.3059314787387848","0.3059314787387848","24","24","24"
"52000","0.25467735528945923","0.25467735528945923","0.25467735528945923","25","25","25"
"54000","0.3159358501434326","0.3159358501434326","0.3159358501434326","26","26","26"
"56000","0.3213949203491211","0.3213949203491211","0.3213949203491211","27","27","27"
"58000","0.4346849024295807","0.4346849024295807","0.4346849024295807","28","28","28"
"60000","0.20327068865299225","0.20327068865299225","0.20327068865299225","29","29","29"
"62000","0.45101189613342285","0.45101189613342285","0.45101189613342285","30","30","30"
"64000","0.36368510127067566","0.36368510127067566","0.36368510127067566","31","31","31"
"66000","0.24714739620685577","0.24714739620685577","0.24714739620685577","32","32","32"
"68000","0.22071333229541779","0.22071333229541779","0.22071333229541779","33","33","33"
"70000","0.4750174283981323","0.4750174283981323","0.4750174283981323","34","34","34"
"72000","0.21066145598888397","0.21066145598888397","0.21066145598888397","35","35","35"
"74000","0.30853915214538574","0.30853915214538574","0.30853915214538574","36","36","36"
"76000","0.5068907141685486","0.5068907141685486","0.5068907141685486","37","37","37"
"78000","0.25129300355911255","0.25129300355911255","0.25129300355911255","38","38","38"
"80000","0.1259477734565735","0.1259477734565735","0.1259477734565735","39","39","39"
"82000","0.27332913875579834","0.27332913875579834","0.27332913875579834","40","40","40"
"84000","0.13804881274700165","0.13804881274700165","0.13804881274700165","41","41","41"
"86000","0.1996556520462036","0.1996556520462036","0.1996556520462036","42","42","42"
"88000","0.4658052623271942","0.4658052623271942","0.4658052623271942","43","43","43"
"90000","0.3093625605106354","0.3093625605106354","0.3093625605106354","44","44","44"
"92000","0.22502870857715607","0.22502870857715607","0.22502870857715607","45","45","45"
"94000","0.18603351712226868","0.18603351712226868","0.18603351712226868","46","46","46"
"96000","0.35480883717536926","0.35480883717536926","0.35480883717536926","47","47","47"
"98000","0.3150117099285126","0.3150117099285126","0.3150117099285126","48","48","48"
"100000","0.10053987801074982","0.10053987801074982","0.10053987801074982","49","49","49"
"102000","0.17500293254852295","0.17500293254852295","0.17500293254852295","50","50","50"
"104000","0.29253578186035156","0.29253578186035156","0.29253578186035156","51","51","51"
"106000","0.3850127160549164","0.3850127160549164","0.3850127160549164","52","52","52"
"108000","0.282920777797699","0.282920777797699","0.282920777797699","53","53","53"
"110000","0.35183316469192505","0.35183316469192505","0.35183316469192505","54","54","54"
"112000","0.3857607841491699","0.3857607841491699","0.3857607841491699","55","55","55"
"114000","0.3124474287033081","0.3124474287033081","0.3124474287033081","56","56","56"
"116000","0.5018856525421143","0.5018856525421143","0.5018856525421143","57","57","57"
"118000","0.6174788475036621","0.6174788475036621","0.6174788475036621","58","58","58"
"120000","0.29514145851135254","0.29514145851135254","0.29514145851135254","59","59","59"
"122000","0.41190865635871887","0.41190865635871887","0.41190865635871887","60","60","60"
"124000","0.3476297855377197","0.3476297855377197","0.3476297855377197","61","61","61"
"126000","0.36608222126960754","0.36608222126960754","0.36608222126960754","62","62","62"
"128000","0.3330157995223999","0.3330157995223999","0.3330157995223999","63","63","63"
"130000","0.2487732619047165","0.2487732619047165","0.2487732619047165","64","64","64"
"132000","0.2532789707183838","0.2532789707183838","0.2532789707183838","65","65","65"
"134000","0.39841344952583313","0.39841344952583313","0.39841344952583313","66","66","66"
"136000","0.28025415539741516","0.28025415539741516","0.28025415539741516","67","67","67"
"138000","0.08972691744565964","0.08972691744565964","0.08972691744565964","68","68","68"
"140000","0.3526211380958557","0.3526211380958557","0.3526211380958557","69","69","69"
"142000","0.48571884632110596","0.48571884632110596","0.48571884632110596","70","70","70"
"144000","0.3517022430896759","0.3517022430896759","0.3517022430896759","71","71","71"
"146000","0.3970993757247925","0.3970993757247925","0.3970993757247925","72","72","72"
"148000","0.3189071714878082","0.3189071714878082","0.3189071714878082","73","73","73"
"150000","0.3521600365638733","0.3521600365638733","0.3521600365638733","74","74","74"
"152000","0.2741589844226837","0.2741589844226837","0.2741589844226837","75","75","75"
"154000","0.32318177819252014","0.32318177819252014","0.32318177819252014","76","76","76"
"156000","0.22357308864593506","0.22357308864593506","0.22357308864593506","77","77","77"
"158000","0.3177962601184845","0.3177962601184845","0.3177962601184845","78","78","78"
"160000","0.23244105279445648","0.23244105279445648","0.23244105279445648","79","79","79"
"162000","0.26667410135269165","0.26667410135269165","0.26667410135269165","80","80","80"
"164000","0.4244668185710907","0.4244668185710907","0.4244668185710907","81","81","81"
"166000","0.39663228392601013","0.39663228392601013","0.39663228392601013","82","82","82"
"168000","0.4322088360786438","0.4322088360786438","0.4322088360786438","83","83","83"
"170000","0.49518513679504395","0.49518513679504395","0.49518513679504395","84","84","84"
"172000","0.42203640937805176","0.42203640937805176","0.42203640937805176","85","85","85"
"174000","0.35313764214515686","0.35313764214515686","0.35313764214515686","86","86","86"
"176000","0.4770042300224304","0.4770042300224304","0.4770042300224304","87","87","87"
"178000","0.4432816207408905","0.4432816207408905","0.4432816207408905","88","88","88"
"180000","0.3581574261188507","0.3581574261188507","0.3581574261188507","89","89","89"
"182000","0.3525511622428894","0.3525511622428894","0.3525511622428894","90","90","90"
"184000","0.38087478280067444","0.38087478280067444","0.38087478280067444","91","91","91"
"186000","0.452055960893631","0.452055960893631","0.452055960893631","92","92","92"
"188000","0.37328043580055237","0.37328043580055237","0.37328043580055237","93","93","93"
"190000","0.32314738631248474","0.32314738631248474","0.32314738631248474","94","94","94"
"192000","0.10271183401346207","0.10271183401346207","0.10271183401346207","95","95","95"
"194000","0.3319624960422516","0.3319624960422516","0.3319624960422516","96","96","96"
"196000","0.23607736825942993","0.23607736825942993","0.23607736825942993","97","97","97"
"198000","0.1123117208480835","0.1123117208480835","0.1123117208480835","98","98","98"
"200000","0.3200114965438843","0.3200114965438843","0.3200114965438843","99","99","99"
"202000","0.2183782160282135","0.2183782160282135","0.2183782160282135","100","100","100"
"204000","0.33374112844467163","0.33374112844467163","0.33374112844467163","101","101","101"
"206000","0.42153847217559814","0.42153847217559814","0.42153847217559814","102","102","102"
"208000","0.22401964664459229","0.22401964664459229","0.22401964664459229","103","103","103"
"210000","0.4001784026622772","0.4001784026622772","0.4001784026622772","104","104","104"
"212000","0.3992759883403778","0.3992759883403778","0.3992759883403778","105","105","105"
"214000","0.28531983494758606","0.28531983494758606","0.28531983494758606","106","106","106"
"216000","0.3433469831943512","0.3433469831943512","0.3433469831943512","107","107","107"
"218000","0.3448164463043213","0.3448164463043213","0.3448164463043213","108","108","108"
"220000","0.3846747875213623","0.3846747875213623","0.3846747875213623","109","109","109"
"222000","0.3449525535106659","0.3449525535106659","0.3449525535106659","110","110","110"
"224000","0.2674886882305145","0.2674886882305145","0.2674886882305145","111","111","111"
"226000","0.25428083539009094","0.25428083539009094","0.25428083539009094","112","112","112"
"228000","0.17975766956806183","0.17975766956806183","0.17975766956806183","113","113","113"
"230000","0.14958329498767853","0.14958329498767853","0.14958329498767853","114","114","114"
"232000","0.43941542506217957","0.43941542506217957","0.43941542506217957","115","115","115"
"234000","0.46982479095458984","0.46982479095458984","0.46982479095458984","116","116","116"
"236000","0.42077264189720154","0.42077264189720154","0.42077264189720154","117","117","117"
"238000","0.2334471046924591","0.2334471046924591","0.2334471046924591","118","118","118"
"240000","0.13876758515834808","0.13876758515834808","0.13876758515834808","119","119","119"
"242000","0.35659047961235046","0.35659047961235046","0.35659047961235046","120","120","120"
"244000","0.4338448643684387","0.4338448643684387","0.4338448643684387","121","121","121"
"246000","0.3369709849357605","0.3369709849357605","0.3369709849357605","122","122","122"
"248000","0.3480161726474762","0.3480161726474762","0.3480161726474762","123","123","123"
"250000","0.2308337539434433","0.2308337539434433","0.2308337539434433","124","124","124"
"252000","0.2704842984676361","0.2704842984676361","0.2704842984676361","125","125","125"
"254000","0.48340800404548645","0.48340800404548645","0.48340800404548645","126","126","126"
"256000","0.34825417399406433","0.34825417399406433","0.34825417399406433","127","127","127"
"258000","0.26073309779167175","0.26073309779167175","0.26073309779167175","128","128","128"
"260000","0.38471201062202454","0.38471201062202454","0.38471201062202454","129","129","129"
"262000","0.25940752029418945","0.25940752029418945","0.25940752029418945","130","130","130"
"264000","0.3581840395927429","0.3581840395927429","0.3581840395927429","131","131","131"
"266000","0.37843573093414307","0.37843573093414307","0.37843573093414307","132","132","132"
"268000","0.2741560637950897","0.2741560637950897","0.2741560637950897","133","133","133"
"270000","0.09579941630363464","0.09579941630363464","0.09579941630363464","134","134","134"
"272000","0.3885592520236969","0.3885592520236969","0.3885592520236969","135","135","135"
"274000","0.40376222133636475","0.40376222133636475","0.40376222133636475","136","136","136"
"276000","0.38843193650245667","0.38843193650245667","0.38843193650245667","137","137","137"
"278000","0.2750990092754364","0.2750990092754364","0.2750990092754364","138","138","138"
"280000","0.41478705406188965","0.41478705406188965","0.41478705406188965","139","139","139"
"282000","0.2133733332157135","0.2133733332157135","0.2133733332157135","140","140","140"
"284000","0.41629722714424133","0.41629722714424133","0.41629722714424133","141","141","141"
"286000","0.11060473322868347","0.11060473322868347","0.11060473322868347","142","142","142"
"288000","0.4646148383617401","0.4646148383617401","0.4646148383617401","143","143","143"
"290000","0.3025190234184265","0.3025190234184265","0.3025190234184265","144","144","144"
"292000","0.3741579055786133","0.3741579055786133","0.3741579055786133","145","145","145"
"294000","0.28936246037483215","0.28936246037483215","0.28936246037483215","146","146","146"
"296000","0.5096763372421265","0.5096763372421265","0.5096763372421265","147","147","147"
"298000","0.36450502276420593","0.36450502276420593","0.36450502276420593","148","148","148"
"300000","0.14231517910957336","0.14231517910957336","0.14231517910957336","149","149","149"
"302000","0.2816808819770813","0.2816808819770813","0.2816808819770813","150","150","150"
"304000","0.4645463228225708","0.4645463228225708","0.4645463228225708","151","151","151"
"306000","0.44885411858558655","0.44885411858558655","0.44885411858558655","152","152","152"
"308000","0.30119121074676514","0.30119121074676514","0.30119121074676514","153","153","153"
"310000","0.1789565235376358","0.1789565235376358","0.1789565235376358","154","154","154"
"312000","0.3238801956176758","0.3238801956176758","0.3238801956176758","155","155","155"
"314000","0.30152377486228943","0.30152377486228943","0.30152377486228943","156","156","156"
"316000","0.4015592038631439","0.4015592038631439","0.4015592038631439","157","157","157"
"318000","0.432369589805603","0.432369589805603","0.432369589805603","158","158","158"
"320000","0.21559104323387146","0.21559104323387146","0.21559104323387146","159","159","159"
"322000","0.2932864725589752","0.2932864725589752","0.2932864725589752","160","160","160"
"324000","0.2766600549221039","0.2766600549221039","0.2766600549221039","161","161","161"
"326000","0.4306337237358093","0.4306337237358093","0.4306337237358093","162","162","162"
"328000","0.3175008296966553","0.3175008296966553","0.3175008296966553","163","163","163"
"330000","0.43107181787490845","0.43107181787490845","0.43107181787490845","164","164","164"
"332000","0.2647152543067932","0.2647152543067932","0.2647152543067932","165","165","165"
"334000","0.36835092306137085","0.36835092306137085","0.36835092306137085","166","166","166"
"336000","0.3292642831802368","0.3292642831802368","0.3292642831802368","167","167","167"
"338000","0.3375250995159149","0.3375250995159149","0.3375250995159149","168","168","168"
"340000","0.3028920292854309","0.3028920292854309","0.3028920292854309","169","169","169"
"342000","0.22758805751800537","0.22758805751800537","0.22758805751800537","170","170","170"
"344000","0.46382007002830505","0.46382007002830505","0.46382007002830505","171","171","171"
"346000","0.4164986312389374","0.4164986312389374","0.4164986312389374","172","172","172"
"348000","0.37398526072502136","0.37398526072502136","0.37398526072502136","173","173","173"
"350000","0.25147074460983276","0.25147074460983276","0.25147074460983276","174","174","174"
"352000","0.4041539132595062","0.4041539132595062","0.4041539132595062","175","175","175"
"354000","0.4249868392944336","0.4249868392944336","0.4249868392944336","176","176","176"
"356000","0.3480217158794403","0.3480217158794403","0.3480217158794403","177","177","177"
"358000","0.32513535022735596","0.32513535022735596","0.32513535022735596","178","178","178"
"360000","0.32772165536880493","0.32772165536880493","0.32772165536880493","179","179","179"
"362000","0.3619684875011444","0.3619684875011444","0.3619684875011444","180","180","180"
"364000","0.226627379655838","0.226627379655838","0.226627379655838","181","181","181"
"366000","0.20543280243873596","0.20543280243873596","0.20543280243873596","182","182","182"
"368000","0.40680548548698425","0.40680548548698425","0.40680548548698425","183","183","183"
"370000","0.3404301702976227","0.3404301702976227","0.3404301702976227","184","184","184"
"372000","0.4050655961036682","0.4050655961036682","0.4050655961036682","185","185","185"
"374000","0.27502545714378357","0.27502545714378357","0.27502545714378357","186","186","186"
"376000","0.29341480135917664","0.29341480135917664","0.29341480135917664","187","187","187"
"378000","0.35279613733291626","0.35279613733291626","0.35279613733291626","188","188","188"
"380000","0.3877405524253845","0.3877405524253845","0.3877405524253845","189","189","189"
"382000","0.4153077006340027","0.4153077006340027","0.4153077006340027","190","190","190"
"384000","0.399964839220047","0.399964839220047","0.399964839220047","191","191","191"
"386000","0.5856524705886841","0.5856524705886841","0.5856524705886841","192","192","192"
"388000","0.33055365085601807","0.33055365085601807","0.33055365085601807","193","193","193"
"390000","0.28962546586990356","0.28962546586990356","0.28962546586990356","194","194","194"
"392000","0.3776755928993225","0.3776755928993225","0.3776755928993225","195","195","195"
"394000","0.3415021598339081","0.3415021598339081","0.3415021598339081","196","196","196"
"396000","0.30161410570144653","0.30161410570144653","0.30161410570144653","197","197","197"
"398000","0.37106919288635254","0.37106919288635254","0.37106919288635254","198","198","198"
"400000","0.2541169226169586","0.2541169226169586","0.2541169226169586","199","199","199"
"402000","0.4054925739765167","0.4054925739765167","0.4054925739765167","200","200","200"
"404000","0.37148937582969666","0.37148937582969666","0.37148937582969666","201","201","201"
"406000","0.3447839319705963","0.3447839319705963","0.3447839319705963","202","202","202"
"408000","0.25429579615592957","0.25429579615592957","0.25429579615592957","203","203","203"
"410000","0.26821693778038025","0.26821693778038025","0.26821693778038025","204","204","204"
"412000","0.34345948696136475","0.34345948696136475","0.34345948696136475","205","205","205"
"414000","0.33782854676246643","0.33782854676246643","0.33782854676246643","206","206","206"
"416000","0.32625970244407654","0.32625970244407654","0.32625970244407654","207","207","207"
"418000","0.11114030331373215","0.11114030331373215","0.11114030331373215","208","208","208"
"420000","0.25313806533813477","0.25313806533813477","0.25313806533813477","209","209","209"
"422000","0.40500280261039734","0.40500280261039734","0.40500280261039734","210","210","210"
"424000","0.41349393129348755","0.41349393129348755","0.41349393129348755","211","211","211"
"426000","0.3084813356399536","0.3084813356399536","0.3084813356399536","212","212","212"
"428000","0.37837839126586914","0.37837839126586914","0.37837839126586914","213","213","213"
"430000","0.2440958172082901","0.2440958172082901","0.2440958172082901","214","214","214"
"432000","0.4360377788543701","0.4360377788543701","0.4360377788543701","215","215","215"
"434000","0.35926082730293274","0.35926082730293274","0.35926082730293274","216","216","216"
"436000","0.489622563123703","0.489622563123703","0.489622563123703","217","217","217"
"438000","0.22979286313056946","0.22979286313056946","0.22979286313056946","218","218","218"
"440000","0.3805066645145416","0.3805066645145416","0.3805066645145416","219","219","219"
"442000","0.311636745929718","0.311636745929718","0.311636745929718","220","220","220"
"444000","0.2593153119087219","0.2593153119087219","0.2593153119087219","221","221","221"
"446000","0.3569965362548828","0.3569965362548828","0.3569965362548828","222","222","222"
"448000","0.2049284279346466","0.2049284279346466","0.2049284279346466","223","223","223"
"450000","0.32962119579315186","0.32962119579315186","0.32962119579315186","224","224","224"
"452000","0.466292142868042","0.466292142868042","0.466292142868042","225","225","225"
"454000","0.4179721176624298","0.4179721176624298","0.4179721176624298","226","226","226"
"456000","0.19170214235782623","0.19170214235782623","0.19170214235782623","227","227","227"
"458000","0.14710281789302826","0.14710281789302826","0.14710281789302826","228","228","228"
"460000","0.1334465891122818","0.1334465891122818","0.1334465891122818","229","229","229"
"462000","0.352312833070755","0.352312833070755","0.352312833070755","230","230","230"
"464000","0.41164642572402954","0.41164642572402954","0.41164642572402954","231","231","231"
"466000","0.34079256653785706","0.34079256653785706","0.34079256653785706","232","232","232"
"468000","0.3329900801181793","0.3329900801181793","0.3329900801181793","233","233","233"
"470000","0.30068591237068176","0.30068591237068176","0.30068591237068176","234","234","234"
"472000","0.2840900123119354","0.2840900123119354","0.2840900123119354","235","235","235"
"474000","0.2875087857246399","0.2875087857246399","0.2875087857246399","236","236","236"
"476000","0.31005096435546875","0.31005096435546875","0.31005096435546875","237","237","237"
"478000","0.4422031044960022","0.4422031044960022","0.4422031044960022","238","238","238"
"480000","0.37911513447761536","0.37911513447761536","0.37911513447761536","239","239","239"
"482000","0.3584255874156952","0.3584255874156952","0.3584255874156952","240","240","240"
"484000","0.2663619816303253","0.2663619816303253","0.2663619816303253","241","241","241"
"486000","0.286538302898407","0.286538302898407","0.286538302898407","242","242","242"
"488000","0.41297662258148193","0.41297662258148193","0.41297662258148193","243","243","243"
"490000","0.42852479219436646","0.42852479219436646","0.42852479219436646","244","244","244"
"492000","0.4477272629737854","0.4477272629737854","0.4477272629737854","245","245","245"
"494000","0.3211999535560608","0.3211999535560608","0.3211999535560608","246","246","246"
"496000","0.4101153612136841","0.4101153612136841","0.4101153612136841","247","247","247"
"498000","0.28528210520744324","0.28528210520744324","0.28528210520744324","248","248","248"
"500000","0.31137725710868835","0.31137725710868835","0.31137725710868835","249","249","249"
"502000","0.2742324471473694","0.2742324471473694","0.2742324471473694","250","250","250"
"504000","0.24084334075450897","0.24084334075450897","0.24084334075450897","251","251","251"
"506000","0.24312824010849","0.24312824010849","0.24312824010849","252","252","252"
"508000","0.1440553069114685","0.1440553069114685","0.1440553069114685","253","253","253"
"510000","0.25594356656074524","0.25594356656074524","0.25594356656074524","254","254","254"
"512000","0.38317516446113586","0.38317516446113586","0.38317516446113586","255","255","255"
"514000","0.42461538314819336","0.42461538314819336","0.42461538314819336","256","256","256"
"516000","0.28110119700431824","0.28110119700431824","0.28110119700431824","257","257","257"
"518000","0.45528456568717957","0.45528456568717957","0.45528456568717957","258","258","258"
"520000","0.4295889139175415","0.4295889139175415","0.4295889139175415","259","259","259"
"522000","0.38290688395500183","0.38290688395500183","0.38290688395500183","260","260","260"
"524000","0.24353502690792084","0.24353502690792084","0.24353502690792084","261","261","261"
"526000","0.23958662152290344","0.23958662152290344","0.23958662152290344","262","262","262"
"528000","0.31460586190223694","0.31460586190223694","0.31460586190223694","263","263","263"
"530000","0.2821846604347229","0.2821846604347229","0.2821846604347229","264","264","264"
"532000","0.31331688165664673","0.31331688165664673","0.31331688165664673","265","265","265"
"534000","0.3455980122089386","0.3455980122089386","0.3455980122089386","266","266","266"
"536000","0.2602183222770691","0.2602183222770691","0.2602183222770691","267","267","267"
"538000","0.43713808059692383","0.43713808059692383","0.43713808059692383","268","268","268"
"540000","0.24703991413116455","0.24703991413116455","0.24703991413116455","269","269","269"
"542000","0.32091543078422546","0.32091543078422546","0.32091543078422546","270","270","270"
"544000","0.26531416177749634","0.26531416177749634","0.26531416177749634","271","271","271"
"546000","0.3880448639392853","0.3880448639392853","0.3880448639392853","272","272","272"
"548000","0.2993919551372528","0.2993919551372528","0.2993919551372528","273","273","273"
"550000","0.2750100791454315","0.2750100791454315","0.2750100791454315","274","274","274"
"552000","0.16095411777496338","0.16095411777496338","0.16095411777496338","275","275","275"
"554000","0.3104134500026703","0.3104134500026703","0.3104134500026703","276","276","276"
"556000","0.41270798444747925","0.41270798444747925","0.41270798444747925","277","277","277"
"558000","0.3579759895801544","0.3579759895801544","0.3579759895801544","278","278","278"
"560000","0.2293219417333603","0.2293219417333603","0.2293219417333603","279","279","279"
"562000","0.07578907907009125","0.07578907907009125","0.07578907907009125","280","280","280"
"564000","0.2189330905675888","0.2189330905675888","0.2189330905675888","281","281","281"
"566000","0.1545102447271347","0.1545102447271347","0.1545102447271347","282","282","282"
"568000","0.34707075357437134","0.34707075357437134","0.34707075357437134","283","283","283"
"570000","0.38209497928619385","0.38209497928619385","0.38209497928619385","284","284","284"
"572000","0.29025232791900635","0.29025232791900635","0.29025232791900635","285","285","285"
"574000","0.2634866535663605","0.2634866535663605","0.2634866535663605","286","286","286"
"576000","0.31393787264823914","0.31393787264823914","0.31393787264823914","287","287","287"
"578000","0.2675408720970154","0.2675408720970154","0.2675408720970154","288","288","288"
"580000","0.4120737612247467","0.4120737612247467","0.4120737612247467","289","289","289"
"582000","0.25021255016326904","0.25021255016326904","0.25021255016326904","290","290","290"
"584000","0.41000548005104065","0.41000548005104065","0.41000548005104065","291","291","291"
"586000","0.36572033166885376","0.36572033166885376","0.36572033166885376","292","292","292"
"588000","0.4228535592556","0.4228535592556","0.4228535592556","293","293","293"
"590000","0.40434351563453674","0.40434351563453674","0.40434351563453674","294","294","294"
"592000","0.5020090341567993","0.5020090341567993","0.5020090341567993","295","295","295"
"594000","0.5048543810844421","0.5048543810844421","0.5048543810844421","296","296","296"
"596000","0.4076066017150879","0.4076066017150879","0.4076066017150879","297","297","297"
"598000","0.2333725392818451","0.2333725392818451","0.2333725392818451","298","298","298"
"600000","0.21776199340820312","0.21776199340820312","0.21776199340820312","299","299","299"
"602000","0.43310850858688354","0.43310850858688354","0.43310850858688354","300","300","300"
"604000","0.4740985929965973","0.4740985929965973","0.4740985929965973","301","301","301"
"606000","0.48279428482055664","0.48279428482055664","0.48279428482055664","302","302","302"
"608000","0.3259407877922058","0.3259407877922058","0.3259407877922058","303","303","303"
"610000","0.25887492299079895","0.25887492299079895","0.25887492299079895","304","304","304"
"612000","0.4091239273548126","0.4091239273548126","0.4091239273548126","305","305","305"
"614000","0.4524657428264618","0.4524657428264618","0.4524657428264618","306","306","306"
"616000","0.33135727047920227","0.33135727047920227","0.33135727047920227","307","307","307"
"618000","0.20125409960746765","0.20125409960746765","0.20125409960746765","308","308","308"
"620000","0.2849901616573334","0.2849901616573334","0.2849901616573334","309","309","309"
"622000","0.3908565938472748","0.3908565938472748","0.3908565938472748","310","310","310"
"624000","0.3669862747192383","0.3669862747192383","0.3669862747192383","311","311","311"
"626000","0.49464985728263855","0.49464985728263855","0.49464985728263855","312","312","312"
"628000","0.33187413215637207","0.33187413215637207","0.33187413215637207","313","313","313"
"630000","0.2671894431114197","0.2671894431114197","0.2671894431114197","314","314","314"
"632000","0.45486441254615784","0.45486441254615784","0.45486441254615784","315","315","315"
"634000","0.46733811497688293","0.46733811497688293","0.46733811497688293","316","316","316"
"636000","0.4646424949169159","0.4646424949169159","0.4646424949169159","317","317","317"
"638000","0.35359159111976624","0.35359159111976624","0.35359159111976624","318","318","318"
"640000","0.4642537534236908","0.4642537534236908","0.4642537534236908","319","319","319"
"642000","0.2685372531414032","0.2685372531414032","0.2685372531414032","320","320","320"
"644000","0.3637678921222687","0.3637678921222687","0.3637678921222687","321","321","321"
"646000","0.36159074306488037","0.36159074306488037","0.36159074306488037","322","322","322"
"648000","0.15778090059757233","0.15778090059757233","0.15778090059757233","323","323","323"
"650000","0.35192087292671204","0.35192087292671204","0.35192087292671204","324","324","324"
"652000","0.4385679364204407","0.4385679364204407","0.4385679364204407","325","325","325"
"654000","0.23778246343135834","0.23778246343135834","0.23778246343135834","326","326","326"
"656000","0.38391003012657166","0.38391003012657166","0.38391003012657166","327","327","327"
"658000","0.20868360996246338","0.20868360996246338","0.20868360996246338","328","328","328"
"660000","0.2485298067331314","0.2485298067331314","0.2485298067331314","329","329","329"
"662000","0.3023221790790558","0.3023221790790558","0.3023221790790558","330","330","330"
"664000","0.3008328676223755","0.3008328676223755","0.3008328676223755","331","331","331"
"666000","0.19877785444259644","0.19877785444259644","0.19877785444259644","332","332","332"
"668000","0.34176740050315857","0.34176740050315857","0.34176740050315857","333","333","333"
"670000","0.327471524477005","0.327471524477005","0.327471524477005","334","334","334"
"672000","0.307745099067688","0.307745099067688","0.307745099067688","335","335","335"
"674000","0.2782634496688843","0.2782634496688843","0.2782634496688843","336","336","336"
"676000","0.4016035497188568","0.4016035497188568","0.4016035497188568","337","337","337"
"678000","0.2995213270187378","0.2995213270187378","0.2995213270187378","338","338","338"
"680000","0.16635799407958984","0.16635799407958984","0.16635799407958984","339","339","339"
"682000","0.17891786992549896","0.17891786992549896","0.17891786992549896","340","340","340"
"684000","0.08176038414239883","0.08176038414239883","0.08176038414239883","341","341","341"
"686000","0.48332667350769043","0.48332667350769043","0.48332667350769043","342","342","342"
"688000","0.33313649892807007","0.33313649892807007","0.33313649892807007","343","343","343"
"690000","0.22028101980686188","0.22028101980686188","0.22028101980686188","344","344","344"
"692000","0.39166074991226196","0.39166074991226196","0.39166074991226196","345","345","345"
"694000","0.3553169071674347","0.3553169071674347","0.3553169071674347","346","346","346"
"696000","0.20917010307312012","0.20917010307312012","0.20917010307312012","347","347","347"
"698000","0.2890660762786865","0.2890660762786865","0.2890660762786865","348","348","348"
"700000","0.20636406540870667","0.20636406540870667","0.20636406540870667","349","349","349"
"702000","0.3093859553337097","0.3093859553337097","0.3093859553337097","350","350","350"
"704000","0.47662103176116943","0.47662103176116943","0.47662103176116943","351","351","351"
"706000","0.37910085916519165","0.37910085916519165","0.37910085916519165","352","352","352"
"708000","0.38029563426971436","0.38029563426971436","0.38029563426971436","353","353","353"
"710000","0.3563886284828186","0.3563886284828186","0.3563886284828186","354","354","354"
"712000","0.37704789638519287","0.37704789638519287","0.37704789638519287","355","355","355"
"714000","0.3577779531478882","0.3577779531478882","0.3577779531478882","356","356","356"
"716000","0.3890165686607361","0.3890165686607361","0.3890165686607361","357","357","357"
"718000","0.32276657223701477","0.32276657223701477","0.32276657223701477","358","358","358"
"720000","0.3338611423969269","0.3338611423969269","0.3338611423969269","359","359","359"
"722000","0.47745105624198914","0.47745105624198914","0.47745105624198914","360","360","360"
"724000","0.4542602002620697","0.4542602002620697","0.4542602002620697","361","361","361"
"726000","0.46618056297302246","0.46618056297302246","0.46618056297302246","362","362","362"
"728000","0.3808688819408417","0.3808688819408417","0.3808688819408417","363","363","363"
"730000","0.2360365390777588","0.2360365390777588","0.2360365390777588","364","364","364"
"732000","0.20851770043373108","0.20851770043373108","0.20851770043373108","365","365","365"
"734000","0.3245146572589874","0.3245146572589874","0.3245146572589874","366","366","366"
"736000","0.3081922233104706","0.3081922233104706","0.3081922233104706","367","367","367"
"738000","0.3412318825721741","0.3412318825721741","0.3412318825721741","368","368","368"
"740000","0.40664181113243103","0.40664181113243103","0.40664181113243103","369","369","369"
"742000","0.4199013411998749","0.4199013411998749","0.4199013411998749","370","370","370"
"744000","0.24718202650547028","0.24718202650547028","0.24718202650547028","371","371","371"
"746000","0.3596498668193817","0.3596498668193817","0.3596498668193817","372","372","372"
"748000","0.4044262170791626","0.4044262170791626","0.4044262170791626","373","373","373"
"750000","0.4193866550922394","0.4193866550922394","0.4193866550922394","374","374","374"
"752000","0.3553762137889862","0.3553762137889862","0.3553762137889862","375","375","375"
"754000","0.4404906928539276","0.4404906928539276","0.4404906928539276","376","376","376"
"756000","0.3239504396915436","0.3239504396915436","0.3239504396915436","377","377","377"
"758000","0.4302515387535095","0.4302515387535095","0.4302515387535095","378","378","378"
"760000","0.32747703790664673","0.32747703790664673","0.32747703790664673","379","379","379"
"762000","0.3118990361690521","0.3118990361690521","0.3118990361690521","380","380","380"
"764000","0.47456929087638855","0.47456929087638855","0.47456929087638855","381","381","381"
"766000","0.2551412880420685","0.2551412880420685","0.2551412880420685","382","382","382"
"768000","0.30602583289146423","0.30602583289146423","0.30602583289146423","383","383","383"
"770000","0.4311627149581909","0.4311627149581909","0.4311627149581909","384","384","384"
"772000","0.35233616828918457","0.35233616828918457","0.35233616828918457","385","385","385"
"774000","0.3091617822647095","0.3091617822647095","0.3091617822647095","386","386","386"
"776000","0.5731598138809204","0.5731598138809204","0.5731598138809204","387","387","387"
"778000","0.2786902189254761","0.2786902189254761","0.2786902189254761","388","388","388"
"780000","0.40796273946762085","0.40796273946762085","0.40796273946762085","389","389","389"
"782000","0.31736621260643005","0.31736621260643005","0.31736621260643005","390","390","390"
"784000","0.36255452036857605","0.36255452036857605","0.36255452036857605","391","391","391"
"786000","0.33328622579574585","0.33328622579574585","0.33328622579574585","392","392","392"
"788000","0.41086098551750183","0.41086098551750183","0.41086098551750183","393","393","393"
"790000","0.4754672944545746","0.4754672944545746","0.4754672944545746","394","394","394"
"792000","0.27951714396476746","0.27951714396476746","0.27951714396476746","395","395","395"
"794000","0.41042855381965637","0.41042855381965637","0.41042855381965637","396","396","396"
"796000","0.3501111567020416","0.3501111567020416","0.3501111567020416","397","397","397"
"798000","0.38252806663513184","0.38252806663513184","0.38252806663513184","398","398","398"
"800000","0.3478187918663025","0.3478187918663025","0.3478187918663025","399","399","399"
"802000","0.3202625513076782","0.3202625513076782","0.3202625513076782","400","400","400"
"804000","0.31694746017456055","0.31694746017456055","0.31694746017456055","401","401","401"
"806000","0.2828015089035034","0.2828015089035034","0.2828015089035034","402","402","402"
"808000","0.34992411732673645","0.34992411732673645","0.34992411732673645","403","403","403"
"810000","0.3272534906864166","0.3272534906864166","0.3272534906864166","404","404","404"
"812000","0.2566944360733032","0.2566944360733032","0.2566944360733032","405","405","405"
"814000","0.34760433435440063","0.34760433435440063","0.34760433435440063","406","406","406"
"816000","0.38176414370536804","0.38176414370536804","0.38176414370536804","407","407","407"
"818000","0.2648027837276459","0.2648027837276459","0.2648027837276459","408","408","408"
"820000","0.2953384816646576","0.2953384816646576","0.2953384816646576","409","409","409"
"822000","0.2240307778120041","0.2240307778120041","0.2240307778120041","410","410","410"
"824000","0.36262091994285583","0.36262091994285583","0.36262091994285583","411","411","411"
"826000","0.3754284083843231","0.3754284083843231","0.3754284083843231","412","412","412"
"828000","0.13995148241519928","0.13995148241519928","0.13995148241519928","413","413","413"
"830000","0.39553412795066833","0.39553412795066833","0.39553412795066833","414","414","414"
"832000","0.36946049332618713","0.36946049332618713","0.36946049332618713","415","415","415"
"834000","0.44964465498924255","0.44964465498924255","0.44964465498924255","416","416","416"
"836000","0.31108710169792175","0.31108710169792175","0.31108710169792175","417","417","417"
"838000","0.49933528900146484","0.49933528900146484","0.49933528900146484","418","418","418"
"840000","0.3749677240848541","0.3749677240848541","0.3749677240848541","419","419","419"
"842000","0.4206914007663727","0.4206914007663727","0.4206914007663727","420","420","420"
"844000","0.4429530203342438","0.4429530203342438","0.4429530203342438","421","421","421"
"846000","0.41349589824676514","0.41349589824676514","0.41349589824676514","422","422","422"
"848000","0.06703358888626099","0.06703358888626099","0.06703358888626099","423","423","423"
"850000","0.2384406179189682","0.2384406179189682","0.2384406179189682","424","424","424"
"852000","0.37771549820899963","0.37771549820899963","0.37771549820899963","425","425","425"
"854000","0.566494345664978","0.566494345664978","0.566494345664978","426","426","426"
"856000","0.2919423580169678","0.2919423580169678","0.2919423580169678","427","427","427"
"858000","0.2738646864891052","0.2738646864891052","0.2738646864891052","428","428","428"
"860000","0.3403007686138153","0.3403007686138153","0.3403007686138153","429","429","429"
"862000","0.37914812564849854","0.37914812564849854","0.37914812564849854","430","430","430"
"864000","0.18810878694057465","0.18810878694057465","0.18810878694057465","431","431","431"
"866000","0.31296443939208984","0.31296443939208984","0.31296443939208984","432","432","432"
"868000","0.1957778036594391","0.1957778036594391","0.1957778036594391","433","433","433"
"870000","0.2309066206216812","0.2309066206216812","0.2309066206216812","434","434","434"
"872000","0.176522895693779","0.176522895693779","0.176522895693779","435","435","435"
"874000","0.4079640805721283","0.4079640805721283","0.4079640805721283","436","436","436"
"876000","0.261717289686203","0.261717289686203","0.261717289686203","437","437","437"
"878000","0.529645562171936","0.529645562171936","0.529645562171936","438","438","438"
"880000","0.28825271129608154","0.28825271129608154","0.28825271129608154","439","439","439"
"882000","0.3912300765514374","0.3912300765514374","0.3912300765514374","440","440","440"
"884000","0.5058063268661499","0.5058063268661499","0.5058063268661499","441","441","441"
"886000","0.1539938598871231","0.1539938598871231","0.1539938598871231","442","442","442"
"888000","0.4182301163673401","0.4182301163673401","0.4182301163673401","443","443","443"
"890000","0.4329536259174347","0.4329536259174347","0.4329536259174347","444","444","444"
"892000","0.3488045036792755","0.3488045036792755","0.3488045036792755","445","445","445"
"894000","0.09039405733346939","0.09039405733346939","0.09039405733346939","446","446","446"
"896000","0.4616583585739136","0.4616583585739136","0.4616583585739136","447","447","447"
"898000","0.2581140398979187","0.2581140398979187","0.2581140398979187","448","448","448"
"900000","0.3777100741863251","0.3777100741863251","0.3777100741863251","449","449","449"
"902000","0.3699783980846405","0.3699783980846405","0.3699783980846405","450","450","450"
"904000","0.3685683310031891","0.3685683310031891","0.3685683310031891","451","451","451"
"906000","0.38630014657974243","0.38630014657974243","0.38630014657974243","452","452","452"
"908000","0.41568663716316223","0.41568663716316223","0.41568663716316223","453","453","453"
"910000","0.41570940613746643","0.41570940613746643","0.41570940613746643","454","454","454"
"912000","0.4133492410182953","0.4133492410182953","0.4133492410182953","455","455","455"
"914000","0.20747505128383636","0.20747505128383636","0.20747505128383636","456","456","456"
"916000","0.2610533535480499","0.2610533535480499","0.2610533535480499","457","457","457"
"918000","0.28592386841773987","0.28592386841773987","0.28592386841773987","458","458","458"
"920000","0.34253913164138794","0.34253913164138794","0.34253913164138794","459","459","459"
"922000","0.27761220932006836","0.27761220932006836","0.27761220932006836","460","460","460"
"924000","0.19852034747600555","0.19852034747600555","0.19852034747600555","461","461","461"
"926000","0.3338984549045563","0.3338984549045563","0.3338984549045563","462","462","462"
"928000","0.40185004472732544","0.40185004472732544","0.40185004472732544","463","463","463"
"930000","0.27957072854042053","0.27957072854042053","0.27957072854042053","464","464","464"
"932000","0.35486623644828796","0.35486623644828796","0.35486623644828796","465","465","465"
"934000","0.40149953961372375","0.40149953961372375","0.40149953961372375","466","466","466"
"936000","0.31265196204185486","0.31265196204185486","0.31265196204185486","467","467","467"
"938000","0.3619561791419983","0.3619561791419983","0.3619561791419983","468","468","468"
"940000","0.31111767888069153","0.31111767888069153","0.31111767888069153","469","469","469"
"942000","0.5341360569000244","0.5341360569000244","0.5341360569000244","470","470","470"
"944000","0.3302573263645172","0.3302573263645172","0.3302573263645172","471","471","471"
"946000","0.4184738099575043","0.4184738099575043","0.4184738099575043","472","472","472"
"948000","0.35619330406188965","0.35619330406188965","0.35619330406188965","473","473","473"
"950000","0.34728506207466125","0.34728506207466125","0.34728506207466125","474","474","474"
"952000","0.4154122769832611","0.4154122769832611","0.4154122769832611","475","475","475"
"954000","0.281792551279068","0.281792551279068","0.281792551279068","476","476","476"
"956000","0.2966349422931671","0.2966349422931671","0.2966349422931671","477","477","477"
"958000","0.4117247760295868","0.4117247760295868","0.4117247760295868","478","478","478"
"960000","0.18413573503494263","0.18413573503494263","0.18413573503494263","479","479","479"
"962000","0.2843686640262604","0.2843686640262604","0.2843686640262604","480","480","480"
"964000","0.4117772877216339","0.4117772877216339","0.4117772877216339","481","481","481"
"966000","0.4025641083717346","0.4025641083717346","0.4025641083717346","482","482","482"
"968000","0.4039117097854614","0.4039117097854614","0.4039117097854614","483","483","483"
"970000","0.37171316146850586","0.37171316146850586","0.37171316146850586","484","484","484"
"972000","0.27848100662231445","0.27848100662231445","0.27848100662231445","485","485","485"
"974000","0.2893490791320801","0.2893490791320801","0.2893490791320801","486","486","486"
"976000","0.2831272780895233","0.2831272780895233","0.2831272780895233","487","487","487"
"978000","0.39908668398857117","0.39908668398857117","0.39908668398857117","488","488","488"
"980000","0.15142610669136047","0.15142610669136047","0.15142610669136047","489","489","489"
"982000","0.47543880343437195","0.47543880343437195","0.47543880343437195","490","490","490"
"984000","0.4081682562828064","0.4081682562828064","0.4081682562828064","491","491","491"
"986000","0.2583409249782562","0.2583409249782562","0.2583409249782562","492","492","492"
"988000","0.28162968158721924","0.28162968158721924","0.28162968158721924","493","493","493"
"990000","0.32542526721954346","0.32542526721954346","0.32542526721954346","494","494","494"
"992000","0.33881738781929016","0.33881738781929016","0.33881738781929016","495","495","495"
"994000","0.26425811648368835","0.26425811648368835","0.26425811648368835","496","496","496"
"996000","0.29546838998794556","0.29546838998794556","0.29546838998794556","497","497","497"
"998000","0.3799571394920349","0.3799571394920349","0.3799571394920349","498","498","498"
"1000000","0.41776493191719055","0.41776493191719055","0.41776493191719055","499","499","499"
"1002000","0.44789570569992065","0.44789570569992065","0.44789570569992065","500","500","500"
"1004000","0.39115238189697266","0.39115238189697266","0.39115238189697266","501","501","501"
"1006000","0.35470545291900635","0.35470545291900635","0.35470545291900635","502","502","502"
"1008000","0.44231897592544556","0.44231897592544556","0.44231897592544556","503","503","503"
"1010000","0.33353832364082336","0.33353832364082336","0.33353832364082336","504","504","504"
"1012000","0.24945272505283356","0.24945272505283356","0.24945272505283356","505","505","505"
"1014000","0.5073624849319458","0.5073624849319458","0.5073624849319458","506","506","506"
"1016000","0.32858461141586304","0.32858461141586304","0.32858461141586304","507","507","507"
"1018000","0.2913806140422821","0.2913806140422821","0.2913806140422821","508","508","508"
"1020000","0.36837801337242126","0.36837801337242126","0.36837801337242126","509","509","509"
"1022000","0.43922585248947144","0.43922585248947144","0.43922585248947144","510","510","510"
"1024000","0.42981597781181335","0.42981597781181335","0.42981597781181335","511","511","511"
"1026000","0.3653187155723572","0.3653187155723572","0.3653187155723572","512","512","512"
"1028000","0.25678032636642456","0.25678032636642456","0.25678032636642456","513","513","513"
"1030000","0.4173150956630707","0.4173150956630707","0.4173150956630707","514","514","514"
"1032000","0.3029843270778656","0.3029843270778656","0.3029843270778656","515","515","515"
"1034000","0.31881219148635864","0.31881219148635864","0.31881219148635864","516","516","516"
"1036000","0.23352809250354767","0.23352809250354767","0.23352809250354767","517","517","517"
"1038000","0.319227010011673","0.319227010011673","0.319227010011673","518","518","518"
"1040000","0.42318421602249146","0.42318421602249146","0.42318421602249146","519","519","519"
"1042000","0.30934587121009827","0.30934587121009827","0.30934587121009827","520","520","520"
"1044000","0.30326539278030396","0.30326539278030396","0.30326539278030396","521","521","521"
"1046000","0.4331210255622864","0.4331210255622864","0.4331210255622864","522","522","522"
"1048000","0.3528347909450531","0.3528347909450531","0.3528347909450531","523","523","523"
"1050000","0.3351767957210541","0.3351767957210541","0.3351767957210541","524","524","524"
"1052000","0.24908487498760223","0.24908487498760223","0.24908487498760223","525","525","525"
"1054000","0.4389492869377136","0.4389492869377136","0.4389492869377136","526","526","526"
"1056000","0.2357862889766693","0.2357862889766693","0.2357862889766693","527","527","527"
"1058000","0.34644031524658203","0.34644031524658203","0.34644031524658203","528","528","528"
"1060000","0.4010521173477173","0.4010521173477173","0.4010521173477173","529","529","529"
"1062000","0.08787951618432999","0.08787951618432999","0.08787951618432999","530","530","530"
"1064000","0.4103423058986664","0.4103423058986664","0.4103423058986664","531","531","531"
"1066000","0.3184126317501068","0.3184126317501068","0.3184126317501068","532","532","532"
"1068000","0.3649168908596039","0.3649168908596039","0.3649168908596039","533","533","533"
"1070000","0.38630107045173645","0.38630107045173645","0.38630107045173645","534","534","534"
"1072000","0.44880545139312744","0.44880545139312744","0.44880545139312744","535","535","535"
"1074000","0.3901981711387634","0.3901981711387634","0.3901981711387634","536","536","536"
"1076000","0.3130325376987457","0.3130325376987457","0.3130325376987457","537","537","537"
"1078000","0.1450374275445938","0.1450374275445938","0.1450374275445938","538","538","538"
"1080000","0.44880110025405884","0.44880110025405884","0.44880110025405884","539","539","539"
"1082000","0.42867377400398254","0.42867377400398254","0.42867377400398254","540","540","540"
"1084000","0.29988956451416016","0.29988956451416016","0.29988956451416016","541","541","541"
"1086000","0.45844733715057373","0.45844733715057373","0.45844733715057373","542","542","542"
"1088000","0.2468133270740509","0.2468133270740509","0.2468133270740509","543","543","543"
"1090000","0.2816388010978699","0.2816388010978699","0.2816388010978699","544","544","544"
"1092000","0.39489424228668213","0.39489424228668213","0.39489424228668213","545","545","545"
"1094000","0.24991804361343384","0.24991804361343384","0.24991804361343384","546","546","546"
"1096000","0.2735614478588104","0.2735614478588104","0.2735614478588104","547","547","547"
"1098000","0.20637238025665283","0.20637238025665283","0.20637238025665283","548","548","548"
"1100000","0.40636613965034485","0.40636613965034485","0.40636613965034485","549","549","549"
"1102000","0.31730449199676514","0.31730449199676514","0.31730449199676514","550","550","550"
"1104000","0.13174153864383698","0.13174153864383698","0.13174153864383698","551","551","551"
"1106000","0.35955747961997986","0.35955747961997986","0.35955747961997986","552","552","552"
"1108000","0.3830091059207916","0.3830091059207916","0.3830091059207916","553","553","553"
"1110000","0.3389604389667511","0.3389604389667511","0.3389604389667511","554","554","554"
"1112000","0.2833811640739441","0.2833811640739441","0.2833811640739441","555","555","555"
"1114000","0.4339264929294586","0.4339264929294586","0.4339264929294586","556","556","556"
"1116000","0.45566311478614807","0.45566311478614807","0.45566311478614807","557","557","557"
"1118000","0.5421738624572754","0.5421738624572754","0.5421738624572754","558","558","558"
"1120000","0.40816017985343933","0.40816017985343933","0.40816017985343933","559","559","559"
"1122000","0.3085486888885498","0.3085486888885498","0.3085486888885498","560","560","560"
"1124000","0.1977059245109558","0.1977059245109558","0.1977059245109558","561","561","561"
"1126000","0.37267640233039856","0.37267640233039856","0.37267640233039856","562","562","562"
"1128000","0.3733060657978058","0.3733060657978058","0.3733060657978058","563","563","563"
"1130000","0.29643699526786804","0.29643699526786804","0.29643699526786804","564","564","564"
"1132000","0.41551896929740906","0.41551896929740906","0.41551896929740906","565","565","565"
"1134000","0.30855661630630493","0.30855661630630493","0.30855661630630493","566","566","566"
"1136000","0.4200046956539154","0.4200046956539154","0.4200046956539154","567","567","567"
"1138000","0.3308553695678711","0.3308553695678711","0.3308553695678711","568","568","568"
"1140000","0.28532731533050537","0.28532731533050537","0.28532731533050537","569","569","569"
"1142000","0.4063764810562134","0.4063764810562134","0.4063764810562134","570","570","570"
"1144000","0.292500764131546","0.292500764131546","0.292500764131546","571","571","571"
"1146000","0.45760804414749146","0.45760804414749146","0.45760804414749146","572","572","572"
"1148000","0.3728092908859253","0.3728092908859253","0.3728092908859253","573","573","573"
"1150000","0.3776405453681946","0.3776405453681946","0.3776405453681946","574","574","574"
"1152000","0.33128246665000916","0.33128246665000916","0.33128246665000916","575","575","575"
"1154000","0.3488679528236389","0.3488679528236389","0.3488679528236389","576","576","576"
"1156000","0.423066645860672","0.423066645860672","0.423066645860672","577","577","577"
"1158000","0.4407690763473511","0.4407690763473511","0.4407690763473511","578","578","578"
"1160000","0.5030072331428528","0.5030072331428528","0.5030072331428528","579","579","579"
"1162000","0.39020249247550964","0.39020249247550964","0.39020249247550964","580","580","580"
"1164000","0.4146752953529358","0.4146752953529358","0.4146752953529358","581","581","581"
"1166000","0.2873576283454895","0.2873576283454895","0.2873576283454895","582","582","582"
"1168000","0.20073428750038147","0.20073428750038147","0.20073428750038147","583","583","583"
"1170000","0.3898920714855194","0.3898920714855194","0.3898920714855194","584","584","584"
"1172000","0.30618488788604736","0.30618488788604736","0.30618488788604736","585","585","585"
"1174000","0.2959645390510559","0.2959645390510559","0.2959645390510559","586","586","586"
"1176000","0.13424766063690186","0.13424766063690186","0.13424766063690186","587","587","587"
"1178000","0.40198636054992676","0.40198636054992676","0.40198636054992676","588","588","588"
"1180000","0.3054114282131195","0.3054114282131195","0.3054114282131195","589","589","589"
"1182000","0.33237171173095703","0.33237171173095703","0.33237171173095703","590","590","590"
"1184000","0.5091452598571777","0.5091452598571777","0.5091452598571777","591","591","591"
"1186000","0.41572219133377075","0.41572219133377075","0.41572219133377075","592","592","592"
"1188000","0.1966337412595749","0.1966337412595749","0.1966337412595749","593","593","593"
"1190000","0.4049023985862732","0.4049023985862732","0.4049023985862732","594","594","594"
"1192000","0.19318744540214539","0.19318744540214539","0.19318744540214539","595","595","595"
"1194000","0.16015532612800598","0.16015532612800598","0.16015532612800598","596","596","596"
"1196000","0.5118519067764282","0.5118519067764282","0.5118519067764282","597","597","597"
"1198000","0.41793835163116455","0.41793835163116455","0.41793835163116455","598","598","598"
"1200000","0.48124420642852783","0.48124420642852783","0.48124420642852783","599","599","599"
"1202000","0.20056608319282532","0.20056608319282532","0.20056608319282532","600","600","600"
"1204000","0.4211677014827728","0.4211677014827728","0.4211677014827728","601","601","601"
"1206000","0.3391258120536804","0.3391258120536804","0.3391258120536804","602","602","602"
"1208000","0.3368091881275177","0.3368091881275177","0.3368091881275177","603","603","603"
"1210000","0.42225611209869385","0.42225611209869385","0.42225611209869385","604","604","604"
"1212000","0.38670799136161804","0.38670799136161804","0.38670799136161804","605","605","605"
"1214000","0.24648727476596832","0.24648727476596832","0.24648727476596832","606","606","606"
"1216000","0.18606913089752197","0.18606913089752197","0.18606913089752197","607","607","607"
"1218000","0.42680245637893677","0.42680245637893677","0.42680245637893677","608","608","608"
"1220000","0.20372328162193298","0.20372328162193298","0.20372328162193298","609","609","609"
"1222000","0.36946138739585876","0.36946138739585876","0.36946138739585876","610","610","610"
"1224000","0.337462842464447","0.337462842464447","0.337462842464447","611","611","611"
"1226000","0.4028882086277008","0.4028882086277008","0.4028882086277008","612","612","612"
"1228000","0.2531055808067322","0.2531055808067322","0.2531055808067322","613","613","613"
"1230000","0.17194870114326477","0.17194870114326477","0.17194870114326477","614","614","614"
"1232000","0.31252941489219666","0.31252941489219666","0.31252941489219666","615","615","615"
"1234000","0.2959558963775635","0.2959558963775635","0.2959558963775635","616","616","616"
"1236000","0.22902950644493103","0.22902950644493103","0.22902950644493103","617","617","617"
"1238000","0.19478625059127808","0.19478625059127808","0.19478625059127808","618","618","618"
"1240000","0.4225408136844635","0.4225408136844635","0.4225408136844635","619","619","619"
"1242000","0.24254071712493896","0.24254071712493896","0.24254071712493896","620","620","620"
"1244000","0.3378261923789978","0.3378261923789978","0.3378261923789978","621","621","621"
"1246000","0.34728360176086426","0.34728360176086426","0.34728360176086426","622","622","622"
"1248000","0.3281383216381073","0.3281383216381073","0.3281383216381073","623","623","623"
"1250000","0.2384989857673645","0.2384989857673645","0.2384989857673645","624","624","624"
"1252000","0.09360138326883316","0.09360138326883316","0.09360138326883316","625","625","625"
"1254000","0.20688851177692413","0.20688851177692413","0.20688851177692413","626","626","626"
"1256000","0.25828850269317627","0.25828850269317627","0.25828850269317627","627","627","627"
"1258000","0.2789985239505768","0.2789985239505768","0.2789985239505768","628","628","628"
"1260000","0.3001464009284973","0.3001464009284973","0.3001464009284973","629","629","629"
"1262000","0.33246949315071106","0.33246949315071106","0.33246949315071106","630","630","630"
"1264000","0.3940977454185486","0.3940977454185486","0.3940977454185486","631","631","631"
"1266000","0.36446985602378845","0.36446985602378845","0.36446985602378845","632","632","632"
"1268000","0.24607157707214355","0.24607157707214355","0.24607157707214355","633","633","633"
"1270000","0.4993259310722351","0.4993259310722351","0.4993259310722351","634","634","634"
"1272000","0.40938428044319153","0.40938428044319153","0.40938428044319153","635","635","635"
"1274000","0.29727596044540405","0.29727596044540405","0.29727596044540405","636","636","636"
"1276000","0.22129932045936584","0.22129932045936584","0.22129932045936584","637","637","637"
"1278000","0.4735202491283417","0.4735202491283417","0.4735202491283417","638","638","638"
"1280000","0.40449535846710205","0.40449535846710205","0.40449535846710205","639","639","639"
"1282000","0.44169336557388306","0.44169336557388306","0.44169336557388306","640","640","640"
"1284000","0.43387043476104736","0.43387043476104736","0.43387043476104736","641","641","641"
"1286000","0.5244156718254089","0.5244156718254089","0.5244156718254089","642","642","642"
"1288000","0.3551832139492035","0.3551832139492035","0.3551832139492035","643","643","643"
"1290000","0.39140400290489197","0.39140400290489197","0.39140400290489197","644","644","644"
"1292000","0.4030168056488037","0.4030168056488037","0.4030168056488037","645","645","645"
"1294000","0.36403337121009827","0.36403337121009827","0.36403337121009827","646","646","646"
"1296000","0.23224207758903503","0.23224207758903503","0.23224207758903503","647","647","647"
"1298000","0.39017581939697266","0.39017581939697266","0.39017581939697266","648","648","648"
"1300000","0.35023972392082214","0.35023972392082214","0.35023972392082214","649","649","649"
"1302000","0.3310374617576599","0.3310374617576599","0.3310374617576599","650","650","650"
"1304000","0.475626140832901","0.475626140832901","0.475626140832901","651","651","651"
"1306000","0.3554135262966156","0.3554135262966156","0.3554135262966156","652","652","652"
"1308000","0.2170409858226776","0.2170409858226776","0.2170409858226776","653","653","653"
"1310000","0.39685624837875366","0.39685624837875366","0.39685624837875366","654","654","654"
"1312000","0.48560380935668945","0.48560380935668945","0.48560380935668945","655","655","655"
"1314000","0.4041095972061157","0.4041095972061157","0.4041095972061157","656","656","656"
"1316000","0.3565872609615326","0.3565872609615326","0.3565872609615326","657","657","657"
"1318000","0.39813682436943054","0.39813682436943054","0.39813682436943054","658","658","658"
"1320000","0.427915096282959","0.427915096282959","0.427915096282959","659","659","659"
"1322000","0.46577978134155273","0.46577978134155273","0.46577978134155273","660","660","660"
"1324000","0.46375662088394165","0.46375662088394165","0.46375662088394165","661","661","661"
"1326000","0.39378413558006287","0.39378413558006287","0.39378413558006287","662","662","662"
"1328000","0.25327232480049133","0.25327232480049133","0.25327232480049133","663","663","663"
"1330000","0.43833744525909424","0.43833744525909424","0.43833744525909424","664","664","664"
"1332000","0.28660309314727783","0.28660309314727783","0.28660309314727783","665","665","665"
"1334000","0.33129188418388367","0.33129188418388367","0.33129188418388367","666","666","666"
"1336000","0.40802332758903503","0.40802332758903503","0.40802332758903503","667","667","667"
"1338000","0.32424765825271606","0.32424765825271606","0.32424765825271606","668","668","668"
"1340000","0.4627067446708679","0.4627067446708679","0.4627067446708679","669","669","669"
"1342000","0.4352952837944031","0.4352952837944031","0.4352952837944031","670","670","670"
"1344000","0.4080905318260193","0.4080905318260193","0.4080905318260193","671","671","671"
"1346000","0.37572142481803894","0.37572142481803894","0.37572142481803894","672","672","672"
"1348000","0.46183547377586365","0.46183547377586365","0.46183547377586365","673","673","673"
"1350000","0.29529255628585815","0.29529255628585815","0.29529255628585815","674","674","674"
"1352000","0.4520952105522156","0.4520952105522156","0.4520952105522156","675","675","675"
"1354000","0.47725969552993774","0.47725969552993774","0.47725969552993774","676","676","676"
"1356000","0.20211189985275269","0.20211189985275269","0.20211189985275269","677","677","677"
"1358000","0.3689504563808441","0.3689504563808441","0.3689504563808441","678","678","678"
"1360000","0.403725266456604","0.403725266456604","0.403725266456604","679","679","679"
"1362000","0.4100123345851898","0.4100123345851898","0.4100123345851898","680","680","680"
"1364000","0.3291092813014984","0.3291092813014984","0.3291092813014984","681","681","681"
"1366000","0.4134179651737213","0.4134179651737213","0.4134179651737213","682","682","682"
"1368000","0.365820974111557","0.365820974111557","0.365820974111557","683","683","683"
"1370000","0.3449138104915619","0.3449138104915619","0.3449138104915619","684","684","684"
"1372000","0.2766531705856323","0.2766531705856323","0.2766531705856323","685","685","685"
"1374000","0.3806260824203491","0.3806260824203491","0.3806260824203491","686","686","686"
"1376000","0.4210330843925476","0.4210330843925476","0.4210330843925476","687","687","687"
"1378000","0.2649426758289337","0.2649426758289337","0.2649426758289337","688","688","688"
"1380000","0.34816351532936096","0.34816351532936096","0.34816351532936096","689","689","689"
"1382000","0.4093151092529297","0.4093151092529297","0.4093151092529297","690","690","690"
"1384000","0.39527779817581177","0.39527779817581177","0.39527779817581177","691","691","691"
"1386000","0.3272368311882019","0.3272368311882019","0.3272368311882019","692","692","692"
"1388000","0.3750629425048828","0.3750629425048828","0.3750629425048828","693","693","693"
"1390000","0.34226295351982117","0.34226295351982117","0.34226295351982117","694","694","694"
"1392000","0.4220089912414551","0.4220089912414551","0.4220089912414551","695","695","695"
"1394000","0.22116343677043915","0.22116343677043915","0.22116343677043915","696","696","696"
"1396000","0.3987206816673279","0.3987206816673279","0.3987206816673279","697","697","697"
"1398000","0.3491317331790924","0.3491317331790924","0.3491317331790924","698","698","698"
"1400000","0.418593168258667","0.418593168258667","0.418593168258667","699","699","699"
"1402000","0.3215312361717224","0.3215312361717224","0.3215312361717224","700","700","700"
"1404000","0.4514267146587372","0.4514267146587372","0.4514267146587372","701","701","701"
"1406000","0.33179235458374023","0.33179235458374023","0.33179235458374023","702","702","702"
"1408000","0.42968830466270447","0.42968830466270447","0.42968830466270447","703","703","703"
"1410000","0.36143559217453003","0.36143559217453003","0.36143559217453003","704","704","704"
"1412000","0.40657034516334534","0.40657034516334534","0.40657034516334534","705","705","705"
"1414000","0.31434473395347595","0.31434473395347595","0.31434473395347595","706","706","706"
"1416000","0.3337569534778595","0.3337569534778595","0.3337569534778595","707","707","707"
"1418000","0.3700997829437256","0.3700997829437256","0.3700997829437256","708","708","708"
"1420000","0.436930775642395","0.436930775642395","0.436930775642395","709","709","709"
"1422000","0.4842279553413391","0.4842279553413391","0.4842279553413391","710","710","710"
"1424000","0.44702452421188354","0.44702452421188354","0.44702452421188354","711","711","711"
"1426000","0.1811351478099823","0.1811351478099823","0.1811351478099823","712","712","712"
"1428000","0.16448846459388733","0.16448846459388733","0.16448846459388733","713","713","713"
"1430000","0.42374902963638306","0.42374902963638306","0.42374902963638306","714","714","714"
"1432000","0.37451815605163574","0.37451815605163574","0.37451815605163574","715","715","715"
"1434000","0.4795697033405304","0.4795697033405304","0.4795697033405304","716","716","716"
"1436000","0.4155369699001312","0.4155369699001312","0.4155369699001312","717","717","717"
"1438000","0.3417959213256836","0.3417959213256836","0.3417959213256836","718","718","718"
"1440000","0.4399717450141907","0.4399717450141907","0.4399717450141907","719","719","719"
"1442000","0.3322867155075073","0.3322867155075073","0.3322867155075073","720","720","720"
"1444000","0.29419901967048645","0.29419901967048645","0.29419901967048645","721","721","721"
"1446000","0.44525471329689026","0.44525471329689026","0.44525471329689026","722","722","722"
"1448000","0.4656939208507538","0.4656939208507538","0.4656939208507538","723","723","723"
"1450000","0.3699210584163666","0.3699210584163666","0.3699210584163666","724","724","724"
"1452000","0.331531822681427","0.331531822681427","0.331531822681427","725","725","725"
"1454000","0.11076922714710236","0.11076922714710236","0.11076922714710236","726","726","726"
"1456000","0.42323651909828186","0.42323651909828186","0.42323651909828186","727","727","727"
"1458000","0.2368621528148651","0.2368621528148651","0.2368621528148651","728","728","728"
"1460000","0.5048026442527771","0.5048026442527771","0.5048026442527771","729","729","729"
"1462000","0.35177677869796753","0.35177677869796753","0.35177677869796753","730","730","730"
"1464000","0.33297985792160034","0.33297985792160034","0.33297985792160034","731","731","731"
"1466000","0.3242824971675873","0.3242824971675873","0.3242824971675873","732","732","732"
"1468000","0.3630671501159668","0.3630671501159668","0.3630671501159668","733","733","733"
"1470000","0.12227228283882141","0.12227228283882141","0.12227228283882141","734","734","734"
"1472000","0.45006656646728516","0.45006656646728516","0.45006656646728516","735","735","735"
"1474000","0.25031018257141113","0.25031018257141113","0.25031018257141113","736","736","736"
"1476000","0.41090595722198486","0.41090595722198486","0.41090595722198486","737","737","737"
"1478000","0.4835353195667267","0.4835353195667267","0.4835353195667267","738","738","738"
"1480000","0.12050513923168182","0.12050513923168182","0.12050513923168182","739","739","739"
"1482000","0.44122111797332764","0.44122111797332764","0.44122111797332764","740","740","740"
"1484000","0.44554877281188965","0.44554877281188965","0.44554877281188965","741","741","741"
"1486000","0.475456565618515","0.475456565618515","0.475456565618515","742","742","742"
"1488000","0.4080844223499298","0.4080844223499298","0.4080844223499298","743","743","743"
"1490000","0.3156580328941345","0.3156580328941345","0.3156580328941345","744","744","744"
"1492000","0.3309406340122223","0.3309406340122223","0.3309406340122223","745","745","745"
"1494000","0.2623654007911682","0.2623654007911682","0.2623654007911682","746","746","746"
"1496000","0.4871446490287781","0.4871446490287781","0.4871446490287781","747","747","747"
"1498000","0.3758459687232971","0.3758459687232971","0.3758459687232971","749","749","749"
"1500000","0.3728746771812439","0.3728746771812439","0.3728746771812439","750","750","750"